"reader","run","model","chapters","subject","type","polarity","quote","severity","prompted","rank","source"
"auditor","1","sonnet","Ch1;Ch2;Ch5;Ch9","why Pathwell was at Elizabeth's party and in her boxes","promise","-","He'd been at the party, talking to everybody","snag","unprompted","1","lens_output.md (d)23"
"auditor","1","sonnet","Ch6;Ch7;Ch8;Ch9;Ch10","Shade/prune answer given by confession, no clues to detect","structure","-","I pruned ahead","snag","unprompted","2","core.md Q3 (worst moment)"
"auditor","1","sonnet","Ch4;Ch12;Ch15","cookbook pages-used count (two gone, card says one)","continuity","-","ONE PAGE USED — CHICKEN & DUMPLINGS.","snag","unprompted","3","log.md Ch12 S4"
"auditor","1","sonnet","Ch3;Ch5;Ch18","cat scratch scar on Elizabeth's hand vanishes and moves","continuity","-","The old scratch was long gone.","snag","unprompted","4","log.md Ch5 S4 (CHG candidate); Ch18 S3"
"auditor","1","sonnet","Ch8","ditch side vs rear door of the Cadillac","continuity","-","Pathwell shoved at the rear door. It stuck halfway against the slope of the ditch.","snag","unprompted","5","log.md Ch8 S1"
"auditor","1","sonnet","Ch10","van overtaking a walker who faces traffic","continuity","-","came up behind her on the far side of the road","snag","unprompted","5","log.md Ch10 S6"
"auditor","1","sonnet","Ch2","shadow in Elizabeth's apartment window","promise","-","A shadow filled the space.","snag","unprompted","6","log.md Addenda Ch2 S6"
"auditor","1","sonnet","Ch3","lavender-scented loose page that drifts out","promise","-","the ink smelled like lavender","snag","unprompted","6","log.md Ch3 S1"
"auditor","1","sonnet","Ch15","Pathwell's unheard whisper","promise","-","Pathwell whispered something she didn't hear.","snag","unprompted","6","lens_output.md (d)24"
"auditor","1","sonnet","Ch10","third scrap of paper Stansbury brings down","promise","-","three scraps of paper","quibble","unprompted","6","log.md Ch10 S3"
"auditor","1","sonnet","Ch5;Ch17","Elizabeth's missed nine o'clock meeting, no consequence","promise","-","her nine o'clock meeting had come and gone","snag","unprompted","6","lens_output.md (d)25"
"auditor","1","sonnet","Ch15;Ch16;Ch17;Ch18","Elizabeth's foam dagger after Ch15","continuity","-","Her hand had found the foam dagger at her back","snag","unprompted","7","log.md Ch11 S5 (not re-mentioned); lens_output.md (d)16"
"auditor","1","sonnet","Ch8;Ch11","wrecked Cadillac and farmer's fence never resolved","continuity","-","My axle is in a drainage culvert.","snag","unprompted","7","lens_output.md (d)18"
"auditor","1","sonnet","Ch8;Ch11","Shade's sedan left at the museum lot","continuity","-","","snag","unprompted","7","lens_output.md (d)18"
"auditor","1","sonnet","Ch5;Ch7;Ch10;Ch11","box of foam weapons, no stated end","continuity","-","The box of swords rode in the back","snag","unprompted","7","log.md Ch7 S3"
"auditor","1","sonnet","Ch16;Ch17","Ch17 restitution scenes repeat Ch16's point","pacing","-","","snag","unprompted","8","core.md Q3 (worst moment)"
"auditor","1","sonnet","Ch10","Stansbury called Leo and big cat, unexplained","confusion","-","She is our responsibility, Leo.","snag","unprompted","9","log.md Ch10 S2"
"auditor","1","sonnet","Ch9","doubled twenty-five minutes","continuity","-","I met you on the road twenty-five minutes ago.","quibble","unprompted","9","log.md Ch9 S2"
"auditor","1","sonnet","Ch1;Ch8","Ch1 opening line reused mid-crash in Ch8","voice/repetition","-","It was the crash that woke her.","snag","unprompted","9","log.md Ch8 S1"
"auditor","1","sonnet","Ch5;Ch11;Ch12","museum is daylight while Camp is dark","continuity","-","Outside the high windows, it was daylight.","snag","unprompted","9","log.md Ch11 S5"
"auditor","1","sonnet","Ch4;Ch12;Ch13","archivist's pen then three pencils then one pencil","continuity","-","one pencil still behind his ear","quibble","unprompted","9","log.md Ch13 S4-S6"
"auditor","1","sonnet","Ch18","why Pathwell closes the Merritt cookbook and shopkeeper must sit down","motivation","-","Then he closed it, carefully, and put it back.","snag","unprompted","10","log.md Ch18 S3"
"auditor","1","sonnet","Ch4;Ch15","Ch4 wagon choice (page 'spent') paid off by the Ch15 fire","strength","+","Not burned. Spent.","strong","unprompted","","lens_output.md Reader's note"
"auditor","1","sonnet","Ch13;Ch15;Ch17","queen of spades laid early, paid late","strength","+","","strong","unprompted","","lens_output.md Reader's note"
"auditor","1","sonnet","Ch17;Ch18","Elizabeth ending wanting to go","strength","+","","mild","unprompted","","core.md Q5"
"auditor","1","sonnet","Ch12;Ch15","Elizabeth lifts shelf with the reduced shoulder (accepted)","logic","+","You are not using this arm today.","mild","unprompted","","lens_output.md (b)14"
"auditor","1","sonnet","Ch8","Elizabeth deliberately drives off the road, others shrug it off","tone","-","","stopper","unprompted","","core.md Q4"
"auditor","1","sonnet","Ch5-16","Elizabeth reacts through the middle, wants little","motivation","-","","snag","unprompted","","core.md Q5"
"auditor","1","sonnet","Ch5","why the blob was already at her door, answered by assumption","logic","-","The part that doesn't fit is why it was already at your door","snag","unprompted","","core.md Q5"
"auditor","1","sonnet","Ch2;Ch5","Pathwell's wrong day-of-week answers never acknowledged","continuity","-","It's Thursday.","quibble","unprompted","","log.md Ch2 S5"
"auditor","1","sonnet","Ch1","the page left behind when she snatches the book","promise","-","Elizabeth snatched the book, leaving the page behind.","quibble","unprompted","","log.md Ch1 S1"
"auditor","1","sonnet","Ch3","cookbook feels heavier despite missing page","promise","-","Missing a page should have made it lighter.","quibble","unprompted","","log.md Ch3 S4"
"auditor","1","sonnet","Ch1;Ch2;Ch4","pajamas first mentioned in Ch4","continuity","-","the pajama legs showing beneath it, which Elizabeth had been trying not to think about since the lobby of her building","quibble","unprompted","","log.md Ch4 S3b"
"auditor","1","sonnet","Ch3;Ch4","shopkeeper's offer to send her back first reported in Ch4","continuity","-","after the shopkeeper had offered to send her back to the sidewalk","quibble","unprompted","","log.md Ch4 S1"
"auditor","1","sonnet","Ch3;Ch4","exit from the Space Between not shown","structure","-","","quibble","unprompted","","log.md Addenda 3 -> 4"
"auditor","1","sonnet","Ch3;Ch4","twine crate loaded by Pathwell not shown","continuity","-","the one Pathwell had loaded with both hands and a great deal of complaining","quibble","unprompted","","lens_output.md (d)4"
"auditor","1","sonnet","Ch4","Mama Baga knows about the missing front door","knowledge","-","She didn't ask about the apartment, or the missing front door.","quibble","unprompted","","log.md Ch4 S3"
"auditor","1","sonnet","Ch3","what 'Yours?' refers to","confusion","-","Yours?","quibble","unprompted","","log.md Ch3 S3"
"auditor","1","sonnet","Ch3","untagged 'Aren't you?'","confusion","-","Aren't you?","quibble","unprompted","","log.md Ch3 S3"
"auditor","1","sonnet","Ch4","who says 'This wheel is new'","confusion","-","This wheel is new.","quibble","unprompted","","log.md Ch4 S4"
"auditor","1","sonnet","Ch4","untagged 'Stansbury.' at tree line","confusion","-","Stansbury.","quibble","unprompted","","log.md Ch4 S6"
"auditor","1","sonnet","Ch5","untagged lines in Stansbury/Pathwell exchange","confusion","-","That is a more compelling version.","quibble","unprompted","","log.md Ch5 S4"
"auditor","1","sonnet","Ch6","brothers both seated on 'her other side'","continuity","-","sat back down on her other side","snag","unprompted","","log.md Ch6 S4"
"auditor","1","sonnet","Ch7","Elizabeth's 'Stansbury.' only inferable as speaker","confusion","-","Stansbury. He paused.","quibble","unprompted","","lens_output.md (c)7"
"auditor","1","sonnet","Ch7","Stansbury names the back hall he never saw","knowledge","-","The back hall,"" Stansbury said.","quibble","unprompted","","log.md Ch7 S2"
"auditor","1","sonnet","Ch8","untagged 'Seatbelt.'","confusion","-","Seatbelt.","quibble","unprompted","","log.md Addenda Ch8 S1"
"auditor","1","sonnet","Ch8","Stansbury answers 'Bruised' to question put to Elizabeth","confusion","-","Bruised,"" Stansbury said.","quibble","unprompted","","log.md Ch8 S2"
"auditor","1","sonnet","Ch8","referent of Stansbury's 'Again?'","confusion","-","Again?","quibble","unprompted","","log.md Ch8 S2"
"auditor","1","sonnet","Ch10","'You know the place?' 'Unfortunately.' speaker ambiguous","confusion","-","You know the place?","quibble","unprompted","","lens_output.md (c)13"
"auditor","1","sonnet","Ch11","untagged 'I am older than you.'","confusion","-","I am older than you.","quibble","unprompted","","lens_output.md (c)14"
"auditor","1","sonnet","Ch14","untagged 'Good.'","confusion","-","Good.","quibble","unprompted","","log.md Ch14 S1"
"auditor","1","sonnet","Ch14","referent of Elizabeth's 'You should do it.'","confusion","-","You should do it.","quibble","unprompted","","log.md Ch14 S2"
"auditor","1","sonnet","Ch18","shopkeeper's lines not tagged","confusion","-","Three weeks is not a character trait.","quibble","unprompted","","lens_output.md (c)17"
"auditor","1","sonnet","Ch2","what 'it' is in 'He still has it'","confusion","-","He still has it.","quibble","unprompted","","log.md Ch2 S6 end"
"auditor","1","sonnet","Ch1","cookbook asked for singular, answered plural","continuity","-","They're… in a box in the kitchen?","quibble","unprompted","","log.md Ch1 S1"
"auditor","1","sonnet","Ch1","man goes still at the hall, never explained","promise","-","went still","quibble","unprompted","","log.md Ch1 S3"
"auditor","1","sonnet","Ch2","dumpling count and 'second one'","continuity","-","inhaled his second one","quibble","unprompted","","log.md Ch2 S6"
"auditor","1","sonnet","Ch3","who carried Elizabeth after she faints","continuity","-","carpet against her knees","quibble","unprompted","","log.md Ch3 S2"
"auditor","1","sonnet","Ch3","folded-paper door never mentioned again","continuity","-","","quibble","unprompted","","log.md Ch3 S1"
"auditor","1","sonnet","Ch4;Ch5","Pathwell's coat first mentioned in Ch5","continuity","-","Pathwell's coat took flight behind him","quibble","unprompted","","log.md Ch5 S1"
"auditor","1","sonnet","Ch5;Ch9;Ch12","diary's whereabouts untracked","continuity","-","All I have to my name right now is my diary and a foam dagger.","quibble","unprompted","","log.md Ch8 S3"
"auditor","1","sonnet","Ch5","bandana singed though she never closed her fingers on it","continuity","-","the bandana in her hand had been singed in half","quibble","unprompted","","log.md Ch5 S1"
"auditor","1","sonnet","Ch5","school closet door locks behind her, not revisited","promise","-","It had locked behind her","quibble","unprompted","","log.md Ch5 S2"
"auditor","1","sonnet","Ch5;Ch6","sky overcast then low sun then open red sky","continuity","-","The low sun scattered itself through the single tree.","quibble","unprompted","","log.md Ch6 S5"
"auditor","1","sonnet","Ch7;Ch8","Cadillac keys pocketed then in ignition","continuity","-","shoved the keys into her coat pocket","quibble","unprompted","","log.md Addenda Ch7"
"auditor","1","sonnet","Ch7;Ch14","Pathwell's coat empty in Ch7, full of hardware in Ch14","continuity","-","went for his coat, patted it, and came up with nothing","quibble","unprompted","","log.md Ch14 S1"
"auditor","1","sonnet","Ch9;Ch10","night 'started' at the bar, but it started at her apartment","logic","-","She walked toward the bar because it was where the night had started.","snag","unprompted","","log.md Addenda Ch9 S3"
"auditor","1","sonnet","Ch9;Ch13","Shade's wallet and sedan key unmentioned after coat swap","continuity","-","","quibble","unprompted","","log.md Ch13 S1"
"auditor","1","sonnet","Ch10;Ch11","quarantine letter taken while Stansbury upstairs, shown late","continuity","-","You took that while I was upstairs.","quibble","unprompted","","log.md Ch11 S3"
"auditor","1","sonnet","Ch10","scene break puts Elizabeth and van on same road with no timeline","structure","-","","quibble","unprompted","","log.md Ch10 S4"
"auditor","1","sonnet","Ch10","work van described when needed","continuity","-","Stansbury's work van was white, square, and honest about being a work van.","quibble","unprompted","","lens_output.md (d)14"
"auditor","1","sonnet","Ch7;Ch10;Ch11","Pathwell's rib injury with no cause","continuity","-","one arm across his ribs","quibble","unprompted","","log.md Ch11 S6"
"auditor","1","sonnet","Ch8;Ch11","which shoulder Elizabeth's old bruise and new injury are","continuity","-","","quibble","unprompted","","log.md Ch11 S4"
"auditor","1","sonnet","Ch4;Ch12","Mama Baga's bracelets appear in Ch12","continuity","-","","quibble","unprompted","","log.md Ch12 S1"
"auditor","1","sonnet","Ch12","Thumper mentioned once, never introduced","continuity","-","Thumper was in there too: his six-toed paw print pressed into the center of a page.","quibble","unprompted","","lens_output.md (d)10"
"auditor","1","sonnet","Ch14","archive-door lantern and runner appear when needed","continuity","-","the hanging lantern beside the archive door, still lit from the night","quibble","unprompted","","lens_output.md (d)11"
"auditor","1","sonnet","Ch4;Ch12;Ch13;Ch15","Milo's boots first appear in Ch15","continuity","-","His sock had finally stayed up.","quibble","unprompted","","log.md Ch15 S1"
"auditor","1","sonnet","Ch15","'no card' versus queen of spades still on table","continuity","-","no coat, no card, nothing anyone could use","quibble","unprompted","","log.md Ch15 S4"
"auditor","1","sonnet","Ch11;Ch17","Pathwell's concussion never established","continuity","-","I am deciding whether the concussion was permanent","quibble","unprompted","","log.md Ch17 S3"
"auditor","1","sonnet","Ch2;Ch18","phones appear in Ch18 though Ch2 had none","continuity","-","Elizabeth looked at the phone in her hand.","quibble","unprompted","","log.md Ch18 S1"
"auditor","1","sonnet","Ch2;Ch18","Ch18 open laundromat versus Ch2 shuttered one","continuity","-","","quibble","unprompted","","log.md Ch18 S2"
"auditor","1","sonnet","Ch3","Rai Stone and thirty Lydian coins dangled","promise","-","","quibble","unprompted","","lens_output.md (d)28"
"auditor","1","sonnet","Ch2;Ch9","pocket coins dumped and never picked up","continuity","-","She dumped the contents of her pockets on the table.","quibble","unprompted","","log.md Ch2 S6"
