"id","cluster","cluster_title"
"reluctant#002","C140","Who the intruder is and why he reads her diary (Ch1)"
"reluctant#003","C002","The blob is never explained and appears as if reader should know it (Ch1-15)"
"reluctant#004","C001","What ""marked"" means and what happens if she stays is unexplained (Ch1-9)"
"reluctant#005","C141","Why a recipe works as key and why Nana's voice is in the cookbook (Ch1,Ch2,Ch4)"
"skimmer#004","C142","Staging of the fight with the blob (Ch1)"
"skimmer#006","C001","What ""marked"" means and what happens if she stays is unexplained (Ch1-9)"
"reluctant#006","C143","Pathwell's name and why he gives only one (Ch2)"
"reluctant#007","C144","Why the shuttered laundromat and park appear (Ch2)"
"reluctant#008","C145","Tuesday/Thursday exchange: joke or shifted time (Ch2)"
"skimmer#024","C003","""He still has it."" leaves referents of ""he"" and ""it"" unclear (Ch2)"
"auditor#054","C003","""He still has it."" leaves referents of ""he"" and ""it"" unclear (Ch2)"
"hostile#011","C003","""He still has it."" leaves referents of ""he"" and ""it"" unclear (Ch2)"
"reluctant#010","C146","The Space Between never explained or made picturable (Ch3,Ch18)"
"reluctant#011","C147","Boots the guardian cat and blood god (Ch3)"
"reluctant#012","C005","Camp Cunnan named without saying what it is (Ch3)"
"reluctant#013","C004","Rai Stone / Lydian coins haggling and currency not explained (Ch3)"
"reluctant#014","C006","Latin binding phrase left untranslated (Ch3)"
"reluctant#015","C148","Cost of the binding ritual never named (Ch3)"
"skimmer#025","C004","Rai Stone / Lydian coins haggling and currency not explained (Ch3)"
"skimmer#026","C005","Camp Cunnan named without saying what it is (Ch3)"
"skimmer#029","C149","Unnamed shopkeeper (""the round man"") (Ch3)"
"skimmer#035","C150","Boots, Mama Baga, the archive and the bookshop bill: reader has the words but not why they matter (Ch3,Ch4,Ch5,Ch6)"
"auditor#038","C151","what 'Yours?' refers to (Ch3)"
"auditor#039","C152","untagged 'Aren't you?' (Ch3)"
"hostile#017","C004","Rai Stone / Lydian coins haggling and currency not explained (Ch3)"
"hostile#018","C006","Latin binding phrase left untranslated (Ch3)"
"target-2#023","C007","Unattributed line ""This wheel is new."" (Ch4)"
"reluctant#018","C153","List of Camp's occupants reads as a glossary (Ch4)"
"reluctant#019","C154","'The working' and 'fresh waste' used as if known, never defined (Ch4,Ch5,Ch10,Ch11)"
"reluctant#020","C155","What the Archive is for (Ch4)"
"reluctant#021","C008","Olan and Hess named with no context (Ch4)"
"skimmer#036","C008","Olan and Hess named with no context (Ch4)"
"skimmer#039","C156","Lizzy versus Elizabeth: same woman? (Ch4)"
"auditor#040","C007","Unattributed line ""This wheel is new."" (Ch4)"
"auditor#041","C157","untagged 'Stansbury.' at tree line (Ch4)"
"prose#017","C158","'Newer,' Pathwell amended corrects nothing visible (Ch4)"
"target-2#035","C009","Bakhtak mentioned and never explained (Ch5)"
"reluctant#027","C159","Portal 'to where' answered 'Here' and not followed up (Ch5)"
"reluctant#028","C160","'Pruned' / pruning unexplained until Ch10 (Ch5-10)"
"reluctant#029","C009","Bakhtak mentioned and never explained (Ch5)"
"reluctant#030","C161","'Noodle' used as slang with unclear meaning (Ch5)"
"skimmer#045","C162","Whose door it was (""Her door."") (Ch5)"
"skimmer#046","C163","Ken and Stansbury confused at the school door (Ch5)"
"auditor#042","C164","untagged lines in Stansbury/Pathwell exchange (Ch5)"
"hostile#030","C009","Bakhtak mentioned and never explained (Ch5)"
"reluctant#036","C010","The pull / back-hall tension never defined (Ch6)"
"skimmer#057","C010","The pull / back-hall tension never defined (Ch6)"
"skimmer#058","C002","The blob is never explained and appears as if reader should know it (Ch1-15)"
"reluctant#037","C011","""How much machine she was responsible for"" line is unclear (Ch7)"
"skimmer#068","C165","""Zero books"" joke lands flat without context (Ch7)"
"skimmer#072","C011","""How much machine she was responsible for"" line is unclear (Ch7)"
"auditor#044","C166","Elizabeth's 'Stansbury.' only inferable as speaker (Ch7)"
"hostile#041","C011","""How much machine she was responsible for"" line is unclear (Ch7)"
"target-2#049","C167","stand-alone line repeating the book's first sentence (Ch8,Ch1)"
"reluctant#043","C012","What Shade is is never stated (Ch8)"
"skimmer#080","C168","Pathwell/Shade exchange about naming and existing; hard to tell who speaks (Ch8)"
"skimmer#081","C012","What Shade is is never stated (Ch8)"
"auditor#046","C169","untagged 'Seatbelt.' (Ch8)"
"auditor#047","C170","Stansbury answers 'Bruised' to question put to Elizabeth (Ch8)"
"auditor#048","C171","referent of Stansbury's 'Again?' (Ch8)"
"reluctant#047","C172","Prague and Celia memories not tied to anything (Ch9,Ch14)"
"prose#021","C173","References to events in unread chapters (museum, graffiti threshold, prune, bar) (Ch9,Ch12,Ch15)"
"target-1#058","C013","Stansbury called Leo / big cat with no explanation (Ch10)"
"target-2#063","C013","Stansbury called Leo / big cat with no explanation (Ch10)"
"reluctant#051","C174","'Malformed pruning', 'unclaimed possibility', 'unclaimed waste' named not defined (Ch10,Ch15)"
"reluctant#052","C175","How a wall anchors the door ('history') not defined (Ch10)"
"reluctant#053","C013","Stansbury called Leo / big cat with no explanation (Ch10)"
"skimmer#091","C176","Library magic explanation: lost whose feeling was whose (Ch10)"
"skimmer#092","C177","Longing paragraph, unclear whose (Ch10)"
"skimmer#097","C013","Stansbury called Leo / big cat with no explanation (Ch10)"
"auditor#017","C013","Stansbury called Leo / big cat with no explanation (Ch10)"
"auditor#049","C178","'You know the place?' 'Unfortunately.' speaker ambiguous (Ch10)"
"reluctant#056","C179","Transparent plane containment spell described not explained (Ch11)"
"skimmer#103","C014","Lost track of who is where in the Ch11 museum blast"
"auditor#050","C180","untagged 'I am older than you.' (Ch11)"
"rules#012","C014","Lost track of who is where in the Ch11 museum blast"
"target-2#078","C015","Thumper dropped in as if already introduced (Ch12)"
"reluctant#058","C015","Thumper dropped in as if already introduced (Ch12)"
"reluctant#061","C181","'Charged' never defined (Ch12,Ch14,Ch16)"
"skimmer#112","C182","""Old Pathwell knowledge"" unclear (Ch12)"
"skimmer#115","C183","Sock kid versus turnip boy (Ch12)"
"skimmer#116","C184","Cookbook on reserve shelf, unclear how it got there (Ch12)"
"reluctant#067","C185","Queen of spades as evidence of corruption, meaning unclear (Ch13)"
"reluctant#068","C016","Archivist / older woman unnamed and confusable with others (Ch13)"
"skimmer#122","C186","Hearts opening: rules and who is who (Ch13)"
"skimmer#123","C016","Archivist / older woman unnamed and confusable with others (Ch13)"
"reluctant#070","C187","Climax jargon stacks up and physical action becomes hard to see (Ch14)"
"reluctant#073","C188","Payment mechanism described a third time, told not shown (Ch14)"
"reluctant#074","C189","'Practitioner' appears as Pathwell's title without introduction (Ch14)"
"skimmer#127","C190","Cord and ""the connection"" lost (Ch14)"
"skimmer#130","C191","Possibility-given-a-shape sentence (Ch14)"
"auditor#051","C192","untagged 'Good.' (Ch14)"
"auditor#052","C193","referent of Elizabeth's 'You should do it.' (Ch14)"
"character#035","C194","Nothing changing is acceptable to me, unparseable and out of voice (Ch14)"
"skimmer#138","C195","Voice echoing line (Ch15)"
"skimmer#139","C196","Shade's fate unclear; death not felt in the scene (Ch15)"
"prose#020","C197","'That hand was promising.' reader could not place it (Ch15)"
"reluctant#080","C198","Pruning shock used as diagnosis without description (Ch16)"
"skimmer#146","C199","""Rare morning for those"" joke missed (Ch16)"
"skimmer#147","C200","""Pruning?"" ""No."" half lands (Ch16)"
"skimmer#149","C201","Older woman in knitted cap versus Mama Baga (Ch16)"
"skimmer#150","C202","Stansbury's role as Pathwell's brother lost between sittings (Ch16,Ch18)"
"skimmer#156","C203","Museum stacks list of Vales and Bells (Ch17)"
"reluctant#090","C204","Geese 'remember me' unexplained (Ch18)"
"auditor#053","C205","shopkeeper's lines not tagged (Ch18)"
"auditor#033","C206","pajamas first mentioned in Ch4 (Ch1,Ch2,Ch4)"
"auditor#055","C018","Cookbook asked for in singular but answered in plural (Ch1)"
"rules#001","C017","Cookbook page count conflicts: two pages used but card says one (Ch1-15)"
"rules#002","C207","whether the flat is marked against Elizabeth or Pathwell, and whether it is cleared (Ch1,Ch4,Ch6,Ch7,Ch17,Ch18)"
"rules#029","C208","unclear whether the recipe page was torn out or consumed (Ch1)"
"prose#026","C018","Cookbook asked for in singular but answered in plural (Ch1)"
"hostile#002","C209","Monster named inconsistently (blob, behemoth, ooze) (Ch1)"
"target-1#010","C210","Neighbourhood swapped coffee shop for laundromat, unremarked (Ch2)"
"target-2#010","C211","""dropped her books"" when only a cookbook and diary were taken (Ch2)"
"auditor#030","C019","Pathwell's day-of-week answers (Saturday/Thursday vs Friday) contradict and go unacknowledged (Ch2-5)"
"auditor#057","C212","dumpling count and 'second one' (Ch2)"
"auditor#080","C213","phones appear in Ch18 though Ch2 had none (Ch2,Ch18)"
"auditor#081","C214","Ch18 open laundromat versus Ch2 shuttered one (Ch2,Ch18)"
"auditor#083","C215","pocket coins dumped and never picked up (Ch2,Ch9)"
"auditor#004","C216","cat scratch scar on Elizabeth's hand vanishes and moves (Ch3,Ch5,Ch18)"
"auditor#034","C217","shopkeeper's offer to send her back first reported in Ch4 (Ch3,Ch4)"
"auditor#036","C218","twine crate loaded by Pathwell not shown (Ch3,Ch4)"
"auditor#058","C219","who carried Elizabeth after she faints (Ch3)"
"auditor#059","C220","folded-paper door never mentioned again (Ch3)"
"rules#008","C221","scars outside Pathwell's wheelhouse vs his offer to reduce Stansbury's scar (Ch3,Ch16)"
"rules#009","C019","Pathwell's day-of-week answers (Saturday/Thursday vs Friday) contradict and go unacknowledged (Ch2-5)"
"target-1#023","C222","Missing line in the wheel exchange (Ch4)"
"auditor#003","C017","Cookbook page count conflicts: two pages used but card says one (Ch1-15)"
"auditor#021","C223","archivist's pen then three pencils then one pencil (Ch4,Ch12,Ch13)"
"auditor#060","C224","Pathwell's coat first mentioned in Ch5 (Ch4,Ch5)"
"auditor#074","C225","Mama Baga's bracelets appear in Ch12 (Ch4,Ch12)"
"auditor#077","C226","Milo's boots first appear in Ch15 (Ch4,Ch12,Ch13,Ch15)"
"rules#062","C227","landlord replaces the marked door; nobody asks about the mark (Ch4,Ch18)"
"target-2#031","C228","Elizabeth's missed nine o'clock meeting dropped (Ch5)"
"auditor#015","C229","box of foam weapons, no stated end (Ch5,Ch7,Ch10,Ch11)"
"auditor#020","C230","museum is daylight while Camp is dark (Ch5,Ch11,Ch12)"
"auditor#061","C231","diary's whereabouts untracked (Ch5,Ch9,Ch12)"
"auditor#062","C232","bandana singed though she never closed her fingers on it (Ch5)"
"auditor#064","C233","sky overcast then low sun then open red sky (Ch5,Ch6)"
"hostile#026","C019","Pathwell's day-of-week answers (Saturday/Thursday vs Friday) contradict and go unacknowledged (Ch2-5)"
"auditor#043","C234","brothers both seated on 'her other side' (Ch6)"
"auditor#065","C235","Cadillac keys pocketed then in ignition (Ch7,Ch8)"
"auditor#066","C236","Pathwell's coat empty in Ch7, full of hardware in Ch14 (Ch7,Ch14)"
"auditor#072","C237","Pathwell's rib injury with no cause (Ch7,Ch10,Ch11)"
"target-1#043","C238","Line 'It was the crash that woke her' in middle of the wreck (Ch8)"
"auditor#005","C239","ditch side vs rear door of the Cadillac (Ch8)"
"auditor#013","C021","The wrecked Cadillac / fence is never resolved (Ch8-11)"
"auditor#014","C240","Shade's sedan left at the museum lot (Ch8,Ch11)"
"auditor#073","C241","which shoulder Elizabeth's old bruise and new injury are (Ch8,Ch11)"
"rules#061","C021","The wrecked Cadillac / fence is never resolved (Ch8-11)"
"auditor#018","C242","doubled twenty-five minutes (Ch9)"
"auditor#068","C243","Shade's wallet and sedan key unmentioned after coat swap (Ch9,Ch13)"
"auditor#006","C244","van overtaking a walker who faces traffic (Ch10)"
"auditor#069","C245","quarantine letter taken while Stansbury upstairs, shown late (Ch10,Ch11)"
"auditor#071","C246","work van described when needed (Ch10)"
"auditor#079","C247","Pathwell's concussion never established (Ch11,Ch17)"
"auditor#075","C020","Thumper's six-toed paw print has no setup (Ch12)"
"hostile#061","C020","Thumper's six-toed paw print has no setup (Ch12)"
"character#033","C248","Which hand is bandaged, forgotten palm cut (Ch13)"
"auditor#076","C249","archive-door lantern and runner appear when needed (Ch14)"
"auditor#012","C250","Elizabeth's foam dagger after Ch15 (Ch15,Ch16,Ch17,Ch18)"
"auditor#078","C251","'no card' versus queen of spades still on table (Ch15)"
"rules#038","C252","museum's incident record omits Shade's death while Camp records it (Ch16,Ch17)"
"prose#018","C253","'Shopkeeper' capitalized once (Ch18)"
"prose#019","C254","Time signals conflict: three weeks and four days vs less than two weeks (Ch18)"
"target-1#004","C255","Book lets us into Pathwell's head and he later explains, resolving the quiet fairly (Ch6,Ch10)"
"target-1#003","C028","Narration goes quiet when Pathwell ""went still"" and knows something (Ch1-6)"
"target-2#003","C028","Narration goes quiet when Pathwell ""went still"" and knows something (Ch1-6)"
"rules#020","C256","how Pathwell knew about the cookbook and why he was in her flat (Ch1)"
"target-1#007","C029","Pathwell calls her ""Lizzy"" before she gave the name (Ch2-3)"
"target-2#008","C029","Pathwell calls her ""Lizzy"" before she gave the name (Ch2-3)"
"rules#019","C029","Pathwell calls her ""Lizzy"" before she gave the name (Ch2-3)"
"target-2#017","C257","Pathwell asks for Camp Cunnan supplies and won't say why (Ch3)"
"auditor#037","C258","Mama Baga knows about the missing front door (Ch4)"
"target-2#041","C259","Pathwell mirror scene enters his head then stops one sentence short (Ch6)"
"target-1#038","C260","Brothers apologise and still explain nothing (Ch7)"
"auditor#045","C261","Stansbury names the back hall he never saw (Ch7)"
"target-2#051","C262","reader guessing what Shade is before being told (Ch8)"
"character#003","C263","Shade as mysterious man who knows pieces, risk of later exposition (Ch8)"
"character#053","C264","Worldbuilding rules (Camp, spill, payment, blobs) taken on characters' word (Ch8-15)"
"target-1#051","C030","""Ask him what he chose"" deferred by several characters (Ch9)"
"target-2#056","C030","""Ask him what he chose"" deferred by several characters (Ch9)"
"character#014","C265","Stansbury's history with Pathwell and Shade (Ch9)"
"prose#022","C266","Could not follow why Shade and Pathwell share a face and a pull (Ch9,Ch12,Ch15)"
"target-1#084","C031","Narrator hindsight flag about Pathwell's fidgeting (Ch14)"
"target-2#090","C031","Narrator hindsight flag about Pathwell's fidgeting (Ch14)"
"character#042","C267","Lizzy versus Elizabeth and what it costs Pathwell (Ch14)"
"auditor#026","C268","Elizabeth lifts shelf with the reduced shoulder (accepted) (Ch12,Ch15)"
"rules#047","C269","reason given for not cutting the cord with the dagger (Ch14)"
"target-1#006","C270","Pathwell takes her diary and nobody remarks on it (Ch1)"
"target-1#041","C022","Why the first blob was already at her door before the cookbook was used (Ch1-15)"
"reluctant#026","C271","Reader stopped believing the magic was a system, saw it as excuses for choices (Ch1-14)"
"prose#011","C272","Elizabeth complies and leaves too fast; reader stopped believing at 'Do you have shoes?' (Ch1)"
"hostile#001","C273","Magic arrives with no setup (Ch1)"
"rules#068","C274","shop account at zero but Pathwell's sold potential is not counted (Ch3,Ch18)"
"rules#018","C022","Why the first blob was already at her door before the cookbook was used (Ch1-15)"
"rules#063","C275","young woman from the wagon saved then gone, later life not covered (Ch4,Ch12)"
"auditor#029","C022","Why the first blob was already at her door before the cookbook was used (Ch1-15)"
"rules#042","C276","nobody tries the dagger on the draw, which may be a binding (Ch5,Ch8,Ch9,Ch13)"
"rules#060","C277","Elizabeth's Friday meeting and job: no consequence follows (Ch5,Ch17)"
"rules#065","C278","objection to selling children's unused energy answered in one line (Ch5)"
"rules#032","C279","Pathwell carries no books in his coat, 'it slipped my mind' (Ch7)"
"rules#043","C280","decoy idea for the creature appears only in Ch15, too late (Ch7,Ch15)"
"hostile#045","C281","Sedan appears on cue; timing not believed (Ch8)"
"target-2#057","C282","Elizabeth walking to a bar twenty minutes away by car (Ch9)"
"auditor#067","C283","night 'started' at the bar, but it started at her apartment (Ch9,Ch10)"
"hostile#074","C284","How a failed working became a person is never understood (Ch10,Ch15)"
"rules#013","C285","Shade grabbing Elizabeth's arm reads as convenient (Ch11)"
"rules#025","C024","Why Pathwell could not or would not scope or cancel the Ch11 working (""I can contain this"")"
"rules#044","C024","Why Pathwell could not or would not scope or cancel the Ch11 working (""I can contain this"")"
"reluctant#072","C286","Rejoining frame: why brass pins and waxed cord would work (Ch14)"
"rules#036","C287","why the released spillage went into the archive records (Ch14)"
"character#036","C288","Shade stays within reach of the pins, passive refusal, why not step out of range (Ch14)"
"target-2#094","C023","Shade's death feels convenient or unneeded (Ch15)"
"rules#067","C289","the draw ends with Shade's death; cost passes to Shade, none further to Pathwell (Ch15)"
"character#045","C023","Shade's death feels convenient or unneeded (Ch15)"
"rules#064","C290","Milo's burned boot solved in a line (Ch16,Ch17)"
"rules#066","C291","Pathwell's ribs and temple healed offscreen (Ch18)"
"target-1#024","C292","Elizabeth follows Pathwell for her own reasons (Ch4)"
"rules#045","C293","Elizabeth's stated reason for giving the whole book, not just the page (Ch4)"
"rules#048","C294","Pathwell's reason for refusing to lift his hand and let the frame fail (Ch14)"
"rules#030","C295","Elizabeth goes along with a stranger's orders quickly (Ch1)"
"prose#016","C034","Elizabeth's own want is unclear (Ch1-18)"
"target-2#036","C296","brothers keep saying ""Not here"" and stalling (Ch5-8)"
"auditor#028","C034","Elizabeth's own want is unclear (Ch1-18)"
"target-1#047","C297","Elizabeth gets into Shade's car (Ch8)"
"character#051","C298","No scene of Shade angry at Pathwell; feeling toward him hard to follow (Ch8-15)"
"target-1#048","C299","Elizabeth walks back alone on a county road at night (Ch9)"
"target-1#117","C300","Pathwell as a person before the fall (Ch10,Ch11)"
"target-2#072","C032","Pathwell repeats ""I can contain this"" and the same mistake (Ch10-14)"
"hostile#059","C032","Pathwell repeats ""I can contain this"" and the same mistake (Ch10-14)"
"target-1#067","C032","Pathwell repeats ""I can contain this"" and the same mistake (Ch10-14)"
"character#015","C301","Shade adopting Camp as goal the moment Elizabeth names it (Ch11)"
"character#017","C302","Pull knocks Shade into Elizabeth so scene goes wrong; hand as plot lever (Ch11)"
"character#019","C303","Shade shows no reaction to own injury or Elizabeth's broken shoulder (Ch11,Ch12)"
"character#023","C304","Shade's muted response to the boy's Good about not being Pathwell (Ch12)"
"character#049","C305","Shift from I want to stay here to walking into blob after one afternoon of wanting (Ch13,Ch15)"
"character#047","C306","Whatever happens next is yours versus thought I'd be the one carrying it (Ch14,Ch15)"
"target-1#092","C033","Shade's reason for volunteering is not stated (Ch15)"
"character#048","C033","Shade's reason for volunteering is not stated (Ch15)"
"target-1#116","C034","Elizabeth's own want is unclear (Ch1-18)"
"auditor#022","C307","why Pathwell closes the Merritt cookbook and shopkeeper must sit down (Ch18)"
"target-2#004","C308","""marked, magically speaking"" exchange repeats its gag (Ch1)"
"skimmer#001","C309","Party inventory stalls the crash (Ch1)"
"skimmer#002","C310","Light-switch aside goes nowhere (Ch1)"
"skimmer#003","C311","Sun and rain detail in the baking memory (Ch1)"
"target-2#009","C037","Pathwell's dumpling speech/sermon runs long (Ch2)"
"skimmer#012","C312","Landlord, door and dry-cleaning panic list (Ch2)"
"skimmer#014","C037","Pathwell's dumpling speech/sermon runs long (Ch2)"
"skimmer#015","C037","Pathwell's dumpling speech/sermon runs long (Ch2)"
"skimmer#016","C313","Atmosphere line about the city (Ch2)"
"target-1#015","C314","Rai Stone / Lydian coin haggling aimed at tiny audience (Ch3)"
"skimmer#027","C315","Middle of the ritual paragraph (Ch3)"
"skimmer#030","C316","Door-closing and ""Pathwell?"" vanishing run feels like stalling (Ch3)"
"target-1#020","C038","Camp roll call of cunning-folk and occupants drags (Ch4)"
"target-1#021","C317","Notebook-and-Hess exchange, one more quirky camp bit (Ch4)"
"target-2#021","C038","Camp roll call of cunning-folk and occupants drags (Ch4)"
"skimmer#037","C038","Camp roll call of cunning-folk and occupants drags (Ch4)"
"prose#065","C038","Camp roll call of cunning-folk and occupants drags (Ch4)"
"hostile#023","C318","Wardrobe montage (pajamas to pastel linen) (Ch4)"
"target-1#025","C039","Portal and school-halls wandering runs long (Ch5)"
"target-2#030","C039","Portal and school-halls wandering runs long (Ch5)"
"skimmer#043","C319","Giving-blood sleep simile (Ch5)"
"skimmer#044","C320","Narrator's address and paragraph on the crossroads town (Ch5)"
"skimmer#053","C321","Bar description opening (Ch6)"
"skimmer#054","C322","Mounted fish as decor (Ch6)"
"skimmer#069","C323","""What pull?"" asked twice, brothers keep dodging (Ch7)"
"skimmer#070","C040","""Which prune?"" loop repeated without answer (Ch7-8)"
"skimmer#076","C040","""Which prune?"" loop repeated without answer (Ch7-8)"
"skimmer#077","C324","Farmer stray thought (Ch8)"
"target-1#052","C325","First car-radio stretch (Ch9)"
"skimmer#085","C326","Bacon food beat (Ch9)"
"target-1#056","C327","Three memory attempts before the coffee catches (Ch10)"
"skimmer#093","C328","Rules speech for the memory working (Ch10)"
"skimmer#094","C329","Slap ""Bank it."" exchange runs long (Ch10)"
"target-2#069","C041","Museum furniture-flying destruction is spectacle (Ch11)"
"reluctant#055","C042","Parking-lot / breakfast banter delays the Ch11 set piece"
"skimmer#098","C042","Parking-lot / breakfast banter delays the Ch11 set piece"
"skimmer#099","C330","Soldier's poem in the museum (Ch11)"
"skimmer#100","C331","Curator's arthritis handwriting aside (Ch11)"
"rules#011","C041","Museum furniture-flying destruction is spectacle (Ch11)"
"target-1#073","C332","Middle stew-and-bucket stretch (Ch12)"
"reluctant#063","C043","Healer exam exchange runs long (Ch12)"
"skimmer#110","C043","Healer exam exchange runs long (Ch12)"
"skimmer#111","C333","Predictable ""ready"" exchange (Ch12)"
"skimmer#113","C334","Camp waking-up image (Ch12)"
"skimmer#114","C335","Archive intake paperwork run (Ch12)"
"target-1#077","C044","Hearts card game scenes run long (Ch13)"
"target-2#082","C044","Hearts card game scenes run long (Ch13)"
"reluctant#065","C044","Hearts card game scenes run long (Ch13)"
"skimmer#121","C336","Onion sequence (Ch13)"
"rules#026","C044","Hearts card game scenes run long (Ch13)"
"hostile#068","C044","Hearts card game scenes run long (Ch13)"
"skimmer#126","C337","Brass pins and hardware banter (Ch14)"
"skimmer#128","C338","Mama Baga ""Stop"" section, lines 379-463 (Ch14)"
"skimmer#129","C339","""Yes."" / ""No."" exchange repeats the same argument (Ch14)"
"skimmer#131","C340","Sentence listing too many objects (Ch14)"
"skimmer#132","C341","""Together / separate"" wordless voices (Ch14)"
"skimmer#133","C342","Small talk about archivist and Stansbury's sentences (Ch14)"
"hostile#075","C343","Rejoining mechanism explained twice (Ch14)"
"target-2#096","C344","explanation of overlapping signatures (Ch15)"
"skimmer#136","C345","Opening sensory list of fragments (Ch15)"
"skimmer#137","C346","""Emotional weather"" paragraphs listing fragments (Ch15)"
"target-1#100","C045","Elizabeth's crying list runs one item too long (Ch16)"
"target-2#101","C046","Restitution inventory list could be shorter (Ch16-17)"
"reluctant#083","C045","Elizabeth's crying list runs one item too long (Ch16)"
"skimmer#144","C046","Restitution inventory list could be shorter (Ch16-17)"
"skimmer#145","C047","Restitution scenes repeat across Ch16-17"
"auditor#016","C047","Restitution scenes repeat across Ch16-17"
"target-1#102","C347","Chapter 17 repeats one joke: he wants to improve it, is told no, complies (Ch17)"
"reluctant#084","C348","Aftermath montage slower; first-week rack and cabinet comedy and Hearts epilogue repeat Ch13 joke (Ch17)"
"skimmer#154","C349","Elizabeth's apartment paragraph (Ch17)"
"skimmer#158","C350","Third recap of the arc in one chapter (Ch17)"
"rules#027","C046","Restitution inventory list could be shorter (Ch16-17)"
"target-1#112","C351","Postcards, field guide, blue-string letters list (Ch18)"
"target-2#118","C048","Five-routes exchange runs long (Ch18)"
"reluctant#089","C048","Five-routes exchange runs long (Ch18)"
"skimmer#163","C048","Five-routes exchange runs long (Ch18)"
"skimmer#164","C352","Second door-and-wagon exchange (Ch18)"
"skimmer#165","C353","Shelves of other people's feelings (Ch18)"
"skimmer#166","C048","Five-routes exchange runs long (Ch18)"
"target-2#113","C354","chapter 18 reversal of chapter 1's last exchange (Ch1,Ch18)"
"prose#049","C355","Cake survives: understatement joke pays off the party detail (Ch1)"
"skimmer#023","C356","""He still has it"" as a hook (Ch2)"
"hostile#064","C357","Spoon callback pays off the mixing spoon from Ch2 (Ch2,Ch12)"
"skimmer#033","C358","Missing cookbook page as a hook (Ch3)"
"target-1#104","C359","Copying the blue notebook, HESS SAYS FOUR payoff (Ch4,Ch17)"
"target-2#033","C360","""He lies, you know"" / ""I don't lie"" plant (Ch5)"
"target-2#044","C361","Elizabeth cutting Pathwell free with the foam dagger, payoff of ch5 line (Ch7)"
"target-2#116","C362","Elizabeth asking ""Do you want to come?"" (Ch7,Ch18)"
"skimmer#090","C363","""Ask him what he chose"" gives a thing to hold (Ch9)"
"target-1#074","C364","Diary in the intake rack pays off at the fire (Ch12,Ch14,Ch15)"
"skimmer#119","C365","""Pathwell still wasn't there"" as hook (Ch12)"
"reluctant#069","C056","Ch13 ends on the threshold opening as a hook"
"skimmer#125","C056","Ch13 ends on the threshold opening as a hook"
"skimmer#135","C366","Milo shouting inside the fire as ending hook (Ch14)"
"target-1#111","C367","Sequel hook of no one waiting who needed him to fix anything (Ch18)"
"target-1#115","C049","The apartment building and Elizabeth's ordinary life vanish after Ch1-2"
"target-2#029","C050","Why Pathwell and the blob came to Elizabeth's flat / whose door it was is never answered (Ch1-17)"
"target-2#119","C049","The apartment building and Elizabeth's ordinary life vanish after Ch1-2"
"auditor#001","C050","Why Pathwell and the blob came to Elizabeth's flat / whose door it was is never answered (Ch1-17)"
"auditor#031","C368","the page left behind when she snatches the book (Ch1)"
"auditor#056","C369","man goes still at the hall, never explained (Ch1)"
"rules#005","C370","'You really don't know?' and whether Elizabeth has any power of her own (Ch1,Ch2,Ch4)"
"prose#015","C371","Cookbook promised but almost no food or cooking on the page (Ch1,Ch4)"
"auditor#007","C372","shadow in Elizabeth's apartment window (Ch2)"
"rules#021","C373","neighborhood changed (coffee shop became laundromat) never explained (Ch2,Ch18)"
"rules#041","C374","Nana's spoon set up as a hook and then dropped (Ch2,Ch12,Ch17)"
"target-1#016","C375","Stray names left unexplained (Boots joke dropped, Bakhtak, Thumper) (Ch3,Ch5,Ch12,Ch18)"
"skimmer#028","C051","Pathwell's promise to answer all her questions is never kept (Ch3)"
"skimmer#064","C376","What the cookbook was for and how it links to the door (Ch3,Ch4,Ch6,Ch7,Ch14)"
"auditor#008","C377","lavender-scented loose page that drifts out (Ch3)"
"auditor#032","C052","The cookbook gets heavier despite spent pages, never explained (Ch3-4)"
"auditor#082","C378","Rai Stone and thirty Lydian coins dangled (Ch3)"
"rules#014","C379","what the tome bought in Ch3 is never said (Ch3)"
"rules#016","C052","The cookbook gets heavier despite spent pages, never explained (Ch3-4)"
"rules#017","C051","Pathwell's promise to answer all her questions is never kept (Ch3)"
"target-1#028","C050","Why Pathwell and the blob came to Elizabeth's flat / whose door it was is never answered (Ch1-17)"
"target-2#034","C380","origin of the cleanup creatures never explained (Ch5)"
"target-2#062","C053","Who asked Pathwell for help and what the problem was is never said (Ch5-18)"
"skimmer#047","C381","Saturday versus Friday mismatch never explained (Ch5)"
"auditor#011","C382","Elizabeth's missed nine o'clock meeting, no consequence (Ch5,Ch17)"
"auditor#063","C383","school closet door locks behind her, not revisited (Ch5)"
"hostile#031","C384","Selling children's work question raised then left to banter (Ch5)"
"skimmer#056","C385","Mint thud hook dropped immediately (Ch6)"
"skimmer#067","C054","The mirror, wrong reflection and the pull are never explained (Ch6-8)"
"rules#033","C054","The mirror, wrong reflection and the pull are never explained (Ch6-8)"
"rules#034","C055","Bartender seems to act before his hand moves, then dropped (Ch6)"
"hostile#035","C055","Bartender seems to act before his hand moves, then dropped (Ch6)"
"hostile#036","C386","Elizabeth's mother mentioned once and dropped (Ch6)"
"reluctant#038","C387","'Which prune?' asked and answer withheld until Ch10 (Ch7-10)"
"skimmer#066","C388","Space Between never explained (Ch7,Ch8,Ch18)"
"rules#035","C389","how many creatures there are and where they come from ('That one is gone') (Ch7)"
"rules#015","C390","what Shade became and whether a taken piece is dead, absorbed or returned (Ch8,Ch10,Ch15,Ch16)"
"hostile#073","C391","Shade gets too little time and no scene of his own before he is taken (Ch8,Ch9,Ch13,Ch14,Ch15)"
"skimmer#109","C392","Celia and the pears never return (Ch9,Ch11,Ch14,Ch17,Ch18)"
"character#013","C393","What Pathwell chose / the prune, never explained (Ch9)"
"target-1#059","C053","Who asked Pathwell for help and what the problem was is never said (Ch5-18)"
"reluctant#050","C053","Who asked Pathwell for help and what the problem was is never said (Ch5-18)"
"auditor#010","C394","third scrap of paper Stansbury brings down (Ch10)"
"rules#004","C053","Who asked Pathwell for help and what the problem was is never said (Ch5-18)"
"reluctant#060","C395","Fate of the young woman from the wagon accident not confirmed (Ch12)"
"hostile#067","C396","Nana's funeral page Elizabeth cannot finish (Ch12)"
"rules#040","C397","queen of spades token: power never shown (Ch13,Ch15)"
"hostile#077","C398","Foam dagger raised and never used (Ch14,Ch15)"
"auditor#009","C399","Pathwell's unheard whisper (Ch15)"
"rules#037","C400","museum obligations stay separate and are never settled (Ch16)"
"hostile#087","C401","Scar-removal thread set up and left open (Ch16)"
"target-1#018","C402","Archive rule: donated pages are spent, archive keeps them (Ch4)"
"rules#046","C403","copy rule closes the door on searching with a copy: rule, not character, blocks the move (Ch10)"
"target-1#082","C404","Mama Baga's rule for how workings fail (Ch14)"
"reluctant#025","C035","No plain account of the magic's terms and rules (Ch1-18)"
"prose#070","C405","Grandmother's voice in the cookbook given only a rule, no reason (Ch1)"
"rules#006","C406","whether potential is one resource or two (what may be, future possibility, children's work) (Ch3,Ch5,Ch10,Ch18)"
"rules#022","C407","why bad familiar coffee steadies people, rule never stated (Ch3,Ch9,Ch13,Ch18)"
"hostile#099","C408","Magic's cost at scale never stated beyond 'paid in pieces of you' (Ch3,Ch5,Ch18)"
"reluctant#022","C409","Cookbook page rule (spent not burned) shown but not stated (Ch4)"
"rules#028","C410","'fresh waste' is never defined (Ch4)"
"rules#003","C036","Waste-creature rule ""unpleasant rather than murderous"" dropped when inconvenient (Ch5,Ch15)"
"rules#007","C411","dagger 'designed not to' cut people, untested on a bound person; missed move in Ch14 (Ch5,Ch7,Ch14)"
"rules#024","C412","foam sword rule overpromises (does not stop the creature) (Ch5,Ch7)"
"hostile#033","C036","Waste-creature rule ""unpleasant rather than murderous"" dropped when inconvenient (Ch5,Ch15)"
"skimmer#065","C035","No plain account of the magic's terms and rules (Ch1-18)"
"character#054","C413","Nature of the draw (magic, flaw, or deliberate) unclear (Ch8,Ch14)"
"rules#023","C414","the pull opens a threshold without a route mark when the plot needs it (Ch10,Ch11,Ch13)"
"rules#039","C415","inherited-debt joke never confirmed as a rule (Ch18)"
"target-1#002","C058","Cookbook as spell: ""Don't think. What's your favorite recipe?"" (Ch1)"
"target-2#001","C057","Opening image of a stranger reading her diary like a magazine (Ch1)"
"target-2#002","C058","Cookbook as spell: ""Don't think. What's your favorite recipe?"" (Ch1)"
"reluctant#001","C057","Opening image of a stranger reading her diary like a magazine (Ch1)"
"skimmer#007","C416","Opening line (Ch1)"
"skimmer#008","C058","Cookbook as spell: ""Don't think. What's your favorite recipe?"" (Ch1)"
"skimmer#009","C059","Low-tide smell image and motif (Ch1,Ch15)"
"skimmer#010","C417","The cake being fine (Ch1)"
"skimmer#011","C418","""Ready?"" ""No."" ""Perfect."" chapter endings (Ch1,Ch18)"
"prose#042","C059","Low-tide smell image and motif (Ch1,Ch15)"
"prose#048","C419","Party paragraph: cheese cubes, cake saying ELIZ, banner (Ch1)"
"prose#057","C420","Elizabeth's frightened, uncertain voice in Ch1 before she picks up the style (Ch1)"
"hostile#006","C057","Opening image of a stranger reading her diary like a magazine (Ch1)"
"target-1#008","C060","Dry-cleaning ticket blowing into the gutter (Ch2,Ch17)"
"target-2#005","C061","Tuesday/Thursday exchange (Ch2)"
"target-2#006","C062","Elizabeth's life packed into garbage bags (Ch2)"
"target-2#007","C063","Street changed: coffee shop gone, park that shouldn't be there (Ch2)"
"reluctant#009","C421","Elizabeth's concrete grief and small real irritations (door, dry-cleaning ticket) (Ch2)"
"skimmer#018","C061","Tuesday/Thursday exchange (Ch2)"
"skimmer#019","C422","""Replaceable."" (Ch2)"
"skimmer#020","C060","Dry-cleaning ticket blowing into the gutter (Ch2,Ch17)"
"skimmer#021","C063","Street changed: coffee shop gone, park that shouldn't be there (Ch2)"
"skimmer#022","C423","Pathwell refusing a last name (Ch2)"
"hostile#013","C062","Elizabeth's life packed into garbage bags (Ch2)"
"hostile#014","C063","Street changed: coffee shop gone, park that shouldn't be there (Ch2)"
"target-1#012","C064","Bookshop of kept lives, ""Not books - lives"" (Ch3)"
"target-1#013","C065","Aisle where Elizabeth catches others' feelings and panic attack (Ch3)"
"target-1#014","C066","Bookshop payment scene: Pathwell sells his potential, real cost (Ch3)"
"target-2#011","C064","Bookshop of kept lives, ""Not books - lives"" (Ch3)"
"target-2#012","C065","Aisle where Elizabeth catches others' feelings and panic attack (Ch3)"
"target-2#013","C424","terrible coffee that helps (Ch3)"
"target-2#014","C425","blood-god cat and the handcart humor (Ch3)"
"target-2#015","C066","Bookshop payment scene: Pathwell sells his potential, real cost (Ch3)"
"reluctant#016","C066","Bookshop payment scene: Pathwell sells his potential, real cost (Ch3)"
"skimmer#031","C064","Bookshop of kept lives, ""Not books - lives"" (Ch3)"
"skimmer#032","C065","Aisle where Elizabeth catches others' feelings and panic attack (Ch3)"
"skimmer#034","C426","""Don't make anything of that."" (Ch3)"
"rules#049","C066","Bookshop payment scene: Pathwell sells his potential, real cost (Ch3)"
"rules#052","C067","Costs of magic are real and carried through the book (Ch3-16)"
"rules#059","C067","Costs of magic are real and carried through the book (Ch3-16)"
"hostile#019","C066","Bookshop payment scene: Pathwell sells his potential, real cost (Ch3)"
"hostile#020","C064","Bookshop of kept lives, ""Not books - lives"" (Ch3)"
"target-1#017","C068","Elizabeth gives up the whole cookbook for one page (Ch4)"
"target-1#019","C072","Camp as a place of repair (Ch4)"
"target-2#018","C068","Elizabeth gives up the whole cookbook for one page (Ch4)"
"target-2#019","C071","""Specificity is expensive"" and the archive that keeps rather than hoards (Ch4)"
"target-2#020","C073","Archive humor: Hess still arguing, dead twenty-two years (Ch4)"
"reluctant#023","C068","Elizabeth gives up the whole cookbook for one page (Ch4)"
"reluctant#024","C427","Healer, Mama Baga and archivist are people the reader can stand near (Ch4)"
"skimmer#040","C069","Nana's marginal note ""MORE IF THEY'RE SICK"" (Ch4)"
"skimmer#041","C428","Nana's voice: soup as an argument (Ch4)"
"skimmer#042","C071","""Specificity is expensive"" and the archive that keeps rather than hoards (Ch4)"
"auditor#023","C070","Cookbook/diary given up then burned with consequences (Ch4-15)"
"rules#054","C070","Cookbook/diary given up then burned with consequences (Ch4-15)"
"prose#014","C429","'Not X. Y.' and fragment runs that earn their place (Ch4,Ch15)"
"prose#041","C430","Empty-hand-after-giving image passes from person to person (Ch4,Ch12,Ch15,Ch18)"
"prose#051","C431","Chicken-and-dumplings scene and Nana memory (Ch4)"
"prose#053","C074","Merritt cookbook marginalia ""RUTH LIED ABOUT THE LARD"" (Ch4,Ch18)"
"prose#054","C432","Pathwell performing in Ch4 sounds most like himself (Ch4)"
"prose#055","C433","Children and Milo have voices the adults' rhythm doesn't touch (Ch4,Ch15)"
"prose#058","C073","Archive humor: Hess still arguing, dead twenty-two years (Ch4)"
"prose#075","C072","Camp as a place of repair (Ch4)"
"hostile#024","C068","Elizabeth gives up the whole cookbook for one page (Ch4)"
"hostile#025","C069","Nana's marginal note ""MORE IF THEY'RE SICK"" (Ch4)"
"hostile#100","C068","Elizabeth gives up the whole cookbook for one page (Ch4)"
"target-1#026","C076","Mrs. Pathwell / ""I'm the missus"" school bit (Ch5)"
"target-1#027","C077","Stansbury correcting Pathwell's dramatic version (Ch5)"
"target-1#030","C078","Foam-noodle sword set piece (Ch5)"
"target-1#031","C080","Elizabeth compares Stansbury's trade to Pathwell's potential sale (Ch5)"
"target-1#119","C434","Elizabeth grows more decisive each time she is told what to do (Ch5,Ch7,Ch8,Ch11)"
"target-2#024","C435","school joke (""lucky guess"") (Ch5)"
"target-2#025","C076","Mrs. Pathwell / ""I'm the missus"" school bit (Ch5)"
"target-2#026","C078","Foam-noodle sword set piece (Ch5)"
"target-2#027","C079","Stansbury turns children's schoolwork into weapons, his moral argument (Ch5)"
"target-2#028","C080","Elizabeth compares Stansbury's trade to Pathwell's potential sale (Ch5)"
"reluctant#031","C436","Stansbury gives first real definition of waste and failed workings (Ch5)"
"reluctant#033","C076","Mrs. Pathwell / ""I'm the missus"" school bit (Ch5)"
"reluctant#034","C079","Stansbury turns children's schoolwork into weapons, his moral argument (Ch5)"
"skimmer#048","C076","Mrs. Pathwell / ""I'm the missus"" school bit (Ch5)"
"skimmer#049","C077","Stansbury correcting Pathwell's dramatic version (Ch5)"
"skimmer#050","C437","""Run out of ways to say I don't know"" joke (Ch5)"
"skimmer#051","C438","School scene and car ride move quickly (Ch5)"
"hostile#032","C439","Waste-creature rule stated plainly and later followed through (Ch5,Ch15)"
"hostile#034","C440","'Her door.' / 'Was it?' hook (Ch5)"
"hostile#042","C081","Dagger set up in Ch5 and used on the stated line ""Not flesh. A seam."" (Ch5,Ch7)"
"target-1#032","C441","Keys handed over, passenger seat callback (Ch6)"
"target-2#038","C082","Brothers' fish argument (Ch6)"
"target-2#039","C442","brothers moving each other's beers and darts (Ch6)"
"target-2#040","C085","Chapter-end sting ""Wet. Heavy."" echoing Ch1 (Ch6)"
"target-2#042","C443","the book noticing its own withholding (Ch6,Ch10)"
"reluctant#035","C084","""Points in an unpleasant direction"" / ""Mine."" (Ch6)"
"skimmer#055","C082","Brothers' fish argument (Ch6)"
"skimmer#059","C444","Reflection joke (Ch6)"
"skimmer#060","C083","Back-hall mirror: his face as accusation (Ch6)"
"skimmer#061","C445","Tab joke (Ch6)"
"skimmer#062","C084","""Points in an unpleasant direction"" / ""Mine."" (Ch6)"
"skimmer#063","C085","Chapter-end sting ""Wet. Heavy."" echoing Ch1 (Ch6)"
"hostile#037","C083","Back-hall mirror: his face as accusation (Ch6)"
"hostile#038","C446","Reveal that it came for him; Elizabeth lets him have it (Ch6)"
"hostile#039","C085","Chapter-end sting ""Wet. Heavy."" echoing Ch1 (Ch6)"
"target-1#036","C081","Dagger set up in Ch5 and used on the stated line ""Not flesh. A seam."" (Ch5,Ch7)"
"target-1#037","C086","Elizabeth's car speech about being the driver while no one explains (Ch7)"
"target-1#039","C447","Second blob goes after Pathwell, not Elizabeth, flipping chosen-one premise (Ch7)"
"target-2#045","C448","""Anything missing?"" / ""Several dignities."" (Ch7)"
"target-2#046","C449","Pathwell telling her to drive (Ch7)"
"target-2#047","C086","Elizabeth's car speech about being the driver while no one explains (Ch7)"
"reluctant#039","C086","Elizabeth's car speech about being the driver while no one explains (Ch7)"
"reluctant#040","C450","Elizabeth makes her first choice against the brothers (Ch7)"
"skimmer#073","C086","Elizabeth's car speech about being the driver while no one explains (Ch7)"
"skimmer#074","C451","Quick parking-lot fight and car-driving hook (Ch7)"
"hostile#043","C086","Elizabeth's car speech about being the driver while no one explains (Ch7)"
"target-1#042","C087","Elizabeth crashes the Cadillac on purpose (Ch8)"
"target-1#046","C452","Shade's flat refusals (Ch8)"
"target-2#048","C087","Elizabeth crashes the Cadillac on purpose (Ch8)"
"target-2#050","C453","Shade's introduction in the headlights (Ch8)"
"target-2#052","C454","Elizabeth following another man who sounded certain (Ch8)"
"reluctant#041","C087","Elizabeth crashes the Cadillac on purpose (Ch8)"
"reluctant#042","C088","Shade as inherited-memory idea: ""Same ingredients. Different recipe."" (Ch8)"
"skimmer#075","C087","Elizabeth crashes the Cadillac on purpose (Ch8)"
"skimmer#078","C455","""Got her name right"" line (Ch8)"
"skimmer#079","C088","Shade as inherited-memory idea: ""Same ingredients. Different recipe."" (Ch8)"
"skimmer#082","C456","Ending line about the accident (Ch8)"
"character#001","C091","Shade's right-hand motif (Ch8-9)"
"character#002","C457","Shade wanting coffee as first fully believed line (Ch8)"
"character#005","C458","Shade's flat dry voice, distinct from Pathwell (Ch8,Ch9,Ch11-15)"
"character#052","C459","Book's subject: care versus control, deciding for others (Ch8-15)"
"hostile#046","C087","Elizabeth crashes the Cadillac on purpose (Ch8)"
"hostile#047","C088","Shade as inherited-memory idea: ""Same ingredients. Different recipe."" (Ch8)"
"target-1#049","C460","Diner scene makes Shade a specific person (Ch9)"
"target-1#050","C089","""You were never the point"" refuses the chosen-one move (Ch9)"
"target-2#053","C090","Shade's list of borrowed memories (Ch9)"
"target-2#054","C089","""You were never the point"" refuses the chosen-one move (Ch9)"
"target-2#055","C461","Shade correcting ""We used to—"" (Ch9)"
"reluctant#045","C462","Elizabeth asks the questions herself in the diner (Ch9)"
"reluctant#046","C463","Shade on certainty, the book's first moral idea about Pathwell's wrong (Ch9)"
"skimmer#087","C464","Carrying pieces of an answer line (Ch9)"
"skimmer#088","C465","""Don't make that sentence larger"" (Ch9)"
"skimmer#089","C089","""You were never the point"" refuses the chosen-one move (Ch9)"
"character#006","C466","Shade policing line between own mind and handed memories (Ch9)"
"character#007","C090","Shade's list of borrowed memories (Ch9)"
"character#008","C467","Running gag about meeting on the road twenty-five minutes ago (Ch9)"
"character#010","C089","""You were never the point"" refuses the chosen-one move (Ch9)"
"character#011","C468","Shade admitting Elizabeth is partly leverage (Ch9)"
"character#012","C469","Shade's small physical habits in the car and diner (Ch9)"
"prose#030","C470","Pathwell would have done that. Probably. (Ch9)"
"prose#039","C091","Shade's right-hand motif (Ch8-9)"
"prose#050","C091","Shade's right-hand motif (Ch8-9)"
"prose#056","C471","Shade's voice in the diner, hesitating and self-correcting (Ch9)"
"hostile#050","C089","""You were never the point"" refuses the chosen-one move (Ch9)"
"target-1#053","C092","Pathwell's confession in the van that his choice produced the failure (Ch10)"
"target-1#054","C094","Unsent letter spent to find her; grocery lists as route-finder (Ch10)"
"target-2#058","C094","Unsent letter spent to find her; grocery lists as route-finder (Ch10)"
"target-2#059","C472","Stansbury copying before anything is spent (Ch10)"
"target-2#060","C473","Ch10 laugh lines (the axle, Bank it) (Ch10)"
"target-2#061","C093","Elizabeth refuses to be the excuse in the van (Ch10)"
"reluctant#048","C092","Pathwell's confession in the van that his choice produced the failure (Ch10)"
"reluctant#049","C093","Elizabeth refuses to be the excuse in the van (Ch10)"
"skimmer#095","C094","Unsent letter spent to find her; grocery lists as route-finder (Ch10)"
"skimmer#096","C093","Elizabeth refuses to be the excuse in the van (Ch10)"
"hostile#052","C094","Unsent letter spent to find her; grocery lists as route-finder (Ch10)"
"hostile#053","C092","Pathwell's confession in the van that his choice produced the failure (Ch10)"
"hostile#054","C094","Unsent letter spent to find her; grocery lists as route-finder (Ch10)"
"target-1#060","C095","Museum accession cards and Sam's eggs (Ch11)"
"target-1#062","C098","Pathwell says ""All right"" then does it anyway; book doesn't let him off (Ch11)"
"target-1#063","C474","Wrecked room of loose feelings (Ch11)"
"target-1#064","C097","Elizabeth chooses Camp: ""I'm still choosing it."" (Ch11)"
"target-2#064","C095","Museum accession cards and Sam's eggs (Ch11)"
"target-2#065","C095","Museum accession cards and Sam's eggs (Ch11)"
"target-2#066","C098","Pathwell says ""All right"" then does it anyway; book doesn't let him off (Ch11)"
"target-2#067","C099","Elizabeth's broken shoulder as a real cost carried to the end (Ch11-17)"
"target-2#068","C475","cannon aimed at the gift shop (Ch11)"
"target-2#071","C097","Elizabeth chooses Camp: ""I'm still choosing it."" (Ch11)"
"target-2#120","C067","Costs of magic are real and carried through the book (Ch3-16)"
"reluctant#054","C095","Museum accession cards and Sam's eggs (Ch11)"
"reluctant#057","C097","Elizabeth chooses Camp: ""I'm still choosing it."" (Ch11)"
"skimmer#104","C095","Museum accession cards and Sam's eggs (Ch11)"
"skimmer#105","C095","Museum accession cards and Sam's eggs (Ch11)"
"skimmer#106","C476","Shade's hand trying to turn toward Pathwell (Ch11)"
"skimmer#107","C477","""She banned me twice."" (Ch11)"
"skimmer#108","C100","""I did that."" / ""Yes."" after the museum destruction (Ch11)"
"rules#053","C099","Elizabeth's broken shoulder as a real cost carried to the end (Ch11-17)"
"rules#057","C096","Curator refuses substitution for lost Vale letters (Ch11,Ch17)"
"character#016","C478","Shade stepping on squeaky floorboard on purpose (Ch11)"
"character#018","C479","Shade saying only Sorry after grabbing Elizabeth's arm, no accusing Pathwell (Ch11)"
"character#020","C480","Breakfast exchange between Shade and Pathwell (Ch11)"
"hostile#057","C095","Museum accession cards and Sam's eggs (Ch11)"
"hostile#058","C100","""I did that."" / ""Yes."" after the museum destruction (Ch11)"
"hostile#080","C481","'That's what you said at the museum' catches the hero (Ch11,Ch14)"
"target-1#068","C101","Healer asks permission before resetting the shoulder (Ch12)"
"target-1#071","C103","Diary to-do list and Nana's spoon checklist (Ch12)"
"target-2#074","C102","Donor card: ""PATHWELL IS NOT DONOR"" (Ch12)"
"target-2#075","C103","Diary to-do list and Nana's spoon checklist (Ch12)"
"target-2#076","C101","Healer asks permission before resetting the shoulder (Ch12)"
"target-2#077","C482","turnip boy running gag (Ch12)"
"reluctant#062","C103","Diary to-do list and Nana's spoon checklist (Ch12)"
"skimmer#117","C102","Donor card: ""PATHWELL IS NOT DONOR"" (Ch12)"
"skimmer#118","C483","""Efficient system"" and paperwork line (Ch12)"
"character#022","C484","Shade's humiliation and dropped spoon humanise him (Ch12)"
"prose#032","C485","Healer's 'Good.' / 'I disagree with your use of the word.' (Ch12)"
"prose#074","C486","Museums as injury category joke (Ch12)"
"hostile#063","C101","Healer asks permission before resetting the shoulder (Ch12)"
"hostile#065","C487","Diary handover: she could take it back and does not (Ch12)"
"hostile#066","C102","Donor card: ""PATHWELL IS NOT DONOR"" (Ch12)"
"target-1#075","C104","Camp people keep asking Shade what he wants (Ch13)"
"target-2#079","C104","Camp people keep asking Shade what he wants (Ch13)"
"target-2#080","C105","Shade's coffee exchange echoing Pathwell (Ch13)"
"target-2#081","C106","Milo compares Shade to Pathwell (Ch13)"
"target-2#083","C107","Queen of spades laid early and paid late (Ch13-17)"
"reluctant#064","C108","Hearts game: Shade becomes a person, ""I don't know what I am here"" (Ch13)"
"skimmer#124","C106","Milo compares Shade to Pathwell (Ch13)"
"auditor#024","C107","Queen of spades laid early and paid late (Ch13-17)"
"character#028","C488","Shade states a want for the first time (Ch13)"
"character#029","C104","Camp people keep asking Shade what he wants (Ch13)"
"character#030","C105","Shade's coffee exchange echoing Pathwell (Ch13)"
"character#031","C107","Queen of spades laid early and paid late (Ch13-17)"
"character#032","C489","Shade's borrowed knowledge shown through hesitating hands (Ch13)"
"hostile#069","C108","Hearts game: Shade becomes a person, ""I don't know what I am here"" (Ch13)"
"hostile#070","C105","Shade's coffee exchange echoing Pathwell (Ch13)"
"hostile#071","C490","Mama Baga's blunt line (Ch13)"
"hostile#072","C491","Threshold opens mid card game (Ch13)"
"target-1#081","C110","Shade refuses to be the rejoining anchor (Ch14)"
"target-1#086","C112","Archive burning: records and human impressions breaking loose (Ch14)"
"target-1#087","C109","Stansbury's speech on responsibility (Ch14)"
"target-2#084","C110","Shade refuses to be the rejoining anchor (Ch14)"
"target-2#085","C492","Mama Baga's ""better coat"" line (Ch14)"
"target-2#086","C109","Stansbury's speech on responsibility (Ch14)"
"target-2#087","C112","Archive burning: records and human impressions breaking loose (Ch14)"
"target-2#092","C117","Shade's closing beats: ""I was winning"" / ""Corrupt institution"" (Ch14-15)"
"reluctant#075","C493","Stakes finally visible: child trapped, archive burning, diary and cookbook in smoke (Ch14)"
"reluctant#076","C110","Shade refuses to be the rejoining anchor (Ch14)"
"skimmer#134","C112","Archive burning: records and human impressions breaking loose (Ch14)"
"rules#050","C111","Mama Baga states how the rejoining working fails (Ch14)"
"character#037","C494","Shade defending Stansbury's pride (Ch14)"
"character#038","C495","Shade asking the question the book circles (Ch14)"
"character#039","C110","Shade refuses to be the rejoining anchor (Ch14)"
"hostile#078","C109","Stansbury's speech on responsibility (Ch14)"
"hostile#079","C111","Mama Baga states how the rejoining working fails (Ch14)"
"hostile#081","C112","Archive burning: records and human impressions breaking loose (Ch14)"
"target-1#088","C113","Fire takes diary and cookbook: ""No spell. No sacrifice."" (Ch15)"
"target-1#089","C496","Milo's sock finally stays up (Ch15)"
"target-1#090","C497","Pathwell asks and accepts Stansbury's no (Ch15)"
"target-1#091","C114","Shade walks into the blob: ""You still owe me a hand."" (Ch15-16)"
"target-2#091","C113","Fire takes diary and cookbook: ""No spell. No sacrifice."" (Ch15)"
"target-2#093","C115","""Will you stay?"" / ""No."" exchange (Ch15)"
"target-2#095","C498","Stansbury at the window (Ch15)"
"reluctant#077","C114","Shade walks into the blob: ""You still owe me a hand."" (Ch15-16)"
"reluctant#078","C113","Fire takes diary and cookbook: ""No spell. No sacrifice."" (Ch15)"
"reluctant#079","C499","Elizabeth's order and moral center of the loss (Ch15)"
"skimmer#140","C500","Shelf rescue sequence (Ch15)"
"skimmer#141","C501","""Two men react at once"" makes the draw clear (Ch15)"
"skimmer#142","C113","Fire takes diary and cookbook: ""No spell. No sacrifice."" (Ch15)"
"rules#055","C502","Shade's death is paid and final, nothing returned (Ch15,Ch16,Ch17)"
"rules#056","C503","Stansbury's burned hand and permanent scar (Ch15,Ch16,Ch17)"
"character#043","C115","""Will you stay?"" / ""No."" exchange (Ch15)"
"character#044","C117","Shade's closing beats: ""I was winning"" / ""Corrupt institution"" (Ch14-15)"
"character#050","C116","Last line ""Shade did not either."" (Ch15)"
"prose#028","C504","First 'I know.' in Ch15 earns itself (Ch15)"
"prose#052","C116","Last line ""Shade did not either."" (Ch15)"
"prose#060","C505","Pain-and-humor lines land (Ch15)"
"prose#076","C506","Aphorism about a morning lands (Ch15)"
"hostile#084","C113","Fire takes diary and cookbook: ""No spell. No sacrifice."" (Ch15)"
"hostile#085","C115","""Will you stay?"" / ""No."" exchange (Ch15)"
"target-1#093","C118","Archivist's ledger entry for Shade (Ch16)"
"target-1#097","C119","Elizabeth refuses to make Pathwell's guilt useful (Ch16)"
"target-1#101","C507","Pathwell accepts scar treatment limit (Ch16)"
"target-2#097","C118","Archivist's ledger entry for Shade (Ch16)"
"target-2#098","C114","Shade walks into the blob: ""You still owe me a hand."" (Ch15-16)"
"target-2#099","C119","Elizabeth refuses to make Pathwell's guilt useful (Ch16)"
"target-2#100","C120","Mama Baga on ""person"" (Ch16)"
"target-2#104","C508","Ch16 laugh lines (advertisement, Shade's coffee) (Ch16)"
"reluctant#081","C121","Mama Baga's restitution scene refuses the grand gesture (Ch16)"
"reluctant#082","C120","Mama Baga on ""person"" (Ch16)"
"skimmer#143","C509","Healer and Milo banter (Ch16)"
"skimmer#151","C510","""Loss didn't care much about paperwork."" (Ch16)"
"skimmer#152","C511","""Alive."" (Ch16)"
"rules#051","C121","Mama Baga's restitution scene refuses the grand gesture (Ch16)"
"hostile#088","C119","Elizabeth refuses to make Pathwell's guilt useful (Ch16)"
"hostile#089","C121","Mama Baga's restitution scene refuses the grand gesture (Ch16)"
"hostile#090","C118","Archivist's ledger entry for Shade (Ch16)"
"hostile#091","C512","Elizabeth's crying, a specific list of losses (Ch16)"
"target-1#103","C122","Pathwell offers Henry Vale's letters then retracts (Ch17)"
"target-2#108","C122","Pathwell offers Henry Vale's letters then retracts (Ch17)"
"target-2#109","C123","The Lemon rack argument (Ch17)"
"target-2#110","C513","copying HESS SAYS FOUR with the uneven capitals (Ch17)"
"target-2#111","C107","Queen of spades laid early and paid late (Ch13-17)"
"target-2#112","C514","Elizabeth's apartment taking time to become hers (Ch17)"
"reluctant#085","C122","Pathwell offers Henry Vale's letters then retracts (Ch17)"
"reluctant#086","C124","Elizabeth's written statement stays honest (Ch17)"
"skimmer#155","C515","""The choice was ridiculous. It was still hers."" (Ch17)"
"skimmer#159","C125","""She called it evidence"" (Ch17)"
"skimmer#160","C123","The Lemon rack argument (Ch17)"
"skimmer#161","C516","Hearts scene funny and short (Ch17)"
"skimmer#162","C126","Ending ""Because she wanted to go."" (Ch17-18)"
"auditor#025","C126","Ending ""Because she wanted to go."" (Ch17-18)"
"rules#058","C124","Elizabeth's written statement stays honest (Ch17)"
"hostile#093","C096","Curator refuses substitution for lost Vale letters (Ch11,Ch17)"
"hostile#094","C125","""She called it evidence"" (Ch17)"
"target-1#108","C074","Merritt cookbook marginalia ""RUTH LIED ABOUT THE LARD"" (Ch4,Ch18)"
"target-1#109","C517","Elizabeth less frightened of the Space Between (Ch18)"
"target-2#114","C074","Merritt cookbook marginalia ""RUTH LIED ABOUT THE LARD"" (Ch4,Ch18)"
"target-2#115","C075","Pathwell shelves/closes the Merritt cookbook with no speech (Ch18)"
"target-2#117","C518","Ch18 laugh lines (OUT OF ORDER door, geese) (Ch18)"
"reluctant#087","C127","Ending ""Do you want to come?"" hands the choice back (Ch18)"
"reluctant#088","C074","Merritt cookbook marginalia ""RUTH LIED ABOUT THE LARD"" (Ch4,Ch18)"
"skimmer#169","C074","Merritt cookbook marginalia ""RUTH LIED ABOUT THE LARD"" (Ch4,Ch18)"
"skimmer#170","C519","""House-trained by consequences"" line (Ch18)"
"prose#059","C520","Geese run builds into a good joke (Ch18)"
"prose#061","C521","Quiet callback closers work (Ch18)"
"prose#062","C522","Apartment joke with a turn (Ch18)"
"hostile#096","C074","Merritt cookbook marginalia ""RUTH LIED ABOUT THE LARD"" (Ch4,Ch18)"
"hostile#097","C127","Ending ""Do you want to come?"" hands the choice back (Ch18)"
"hostile#098","C075","Pathwell shelves/closes the Merritt cookbook with no speech (Ch18)"
"target-1#110","C027","Ending bookends Chapter 1's ""Are you ready? / No. / Perfect."""
"prose#037","C027","Ending bookends Chapter 1's ""Are you ready? / No. / Perfect."""
"target-1#045","C523","Book gives Shade's origin openly and moves to what to do about it (Ch8)"
"target-1#080","C524","Cliffhanger seam of light between trees (Ch13)"
"reluctant#017","C525","First three chapters are lore and capitalised nouns before human stakes appear in Ch4 (Ch1-3)"
"reluctant#059","C526","Nana's death only a passing mention in the diary list, no scene (Ch1-3,Ch12)"
"skimmer#171","C527","Book unsure which question it cares about (who decides about others' things; whether the wrongdoer can be trusted) (Ch1-18)"
"target-1#118","C528","World is a string of rooms joined by convenient doors (Ch3,Ch4,Ch11,Ch13)"
"auditor#035","C529","exit from the Space Between not shown (Ch3,Ch4)"
"target-1#069","C025","Diary donation in Ch12 repeats the Ch4 cookbook donation beat"
"target-2#073","C025","Diary donation in Ch12 repeats the Ch4 cookbook donation beat"
"prose#008","C025","Diary donation in Ch12 repeats the Ch4 cookbook donation beat"
"prose#036","C530","Section ends are short flat declaratives, predictable by Ch12 (Ch4,Ch12,Ch15)"
"hostile#021","C531","Folklore catalogue used as costume; names change no one's behaviour (Ch4,Ch5)"
"hostile#062","C025","Diary donation in Ch12 repeats the Ch4 cookbook donation beat"
"auditor#002","C532","Shade/prune answer given by confession, no clues to detect (Ch6,Ch7,Ch8,Ch9,Ch10)"
"rules#031","C533","the brothers keep withholding explanations; Elizabeth becomes the driver (Ch7,Ch8)"
"target-1#044","C534","Shade's identity guessable on arrival (Ch8)"
"prose#072","C535","Wanted more of Shade; he dies to a joke (Ch9,Ch15)"
"auditor#070","C536","scene break puts Elizabeth and van on same road with no timeline (Ch10)"
"character#021","C537","Shade as furniture by the wagon door with no stated want (Ch12)"
"target-1#085","C026","Milo trapped in the burning archive is stock child-in-peril (Ch14)"
"target-2#088","C026","Milo trapped in the burning archive is stock child-in-peril (Ch14)"
"character#041","C538","Fire is the chapter's focus; Shade bystander in last third (Ch14)"
"character#046","C539","Shade's death cleans up draw, spill and blobs, plot cleanup (Ch14,Ch15)"
"hostile#076","C026","Milo trapped in the burning archive is stock child-in-peril (Ch14)"
"target-2#105","C540","day-count montage (Ch17)"
"skimmer#168","C541","Chapter front-loaded with banter, payoff late (Ch18)"
"prose#063","C542","Chapter 18 is mostly callbacks (Ch18)"
"target-1#001","C543","Cold open: stranger reading her diary, cake line (Ch1)"
"target-1#009","C544","Early banter (Tuesday/Thursday, one-name, paper or plastic) (Ch2,Ch3)"
"target-2#032","C545","second-person aside about the town (Ch5)"
"target-1#033","C546","Brothers' fish argument and bar banter (Ch6)"
"target-1#055","C547","Peas and axle banter (Ch10)"
"target-1#061","C548","Museum banter (Ch11)"
"target-1#072","C549","Donor permission card joke (Ch12)"
"target-1#076","C550","Milo's foot-purple banter (Ch13)"
"target-1#083","C551","Standing-beautifully banter (Ch14)"
"target-1#099","C552","Healing banter (Ch16)"
"target-1#106","C553","Unreasonable government joke (Ch17)"
"target-1#107","C554","Phone call restraint comedy (Ch18)"
"target-1#005","C555","Pathwell as know-it-all quirky guide (Ch1,Ch2)"
"prose#010","C556","Ch1 action prose has comma splices and fragments (Ch1)"
"hostile#004","C557","Cookbook's sentimental pull delivered by flashback; 'Because it was hers' (Ch1)"
"target-1#011","C558","Ending hook about Pathwell still having the diary (Ch2)"
"hostile#007","C559","'Tuesday' / 'It's Thursday.' gag (Ch2)"
"hostile#009","C560","Dumpling comedy runs while her panic is in the next paragraph; grief solved by a dumpling (Ch2)"
"target-2#016","C561","Pathwell burning scene wording (Ch3)"
"hostile#015","C562","Grief and consequence followed by a joke or quip; the book does not let loss sit (Ch3,Ch10,Ch11,Ch12,Ch16)"
"hostile#016","C563","Whimsy stacked in every paragraph keeps the bookshop from being frightening (Ch3)"
"skimmer#038","C564","Narrator explains the meaning of the handover moment (Ch4)"
"prose#023","C565","Fall-in-the-woods paragraph reaches for a metaphor and misses (Ch4)"
"hostile#022","C566","Stock wise elder and archivist with engineered quotability; children handled (Ch4)"
"hostile#027","C567","School sequence is a sitcom template; foam swords and adult cast playing at children (Ch5)"
"target-1#035","C568","Elizabeth's mom 'red sky at night' line is generic (Ch6)"
"target-2#043","C569","""Not now. Not here. Not necessarily not her."" sentence (Ch6)"
"skimmer#071","C570","Narrator explains a look the reader already got (Ch7)"
"auditor#027","C571","Elizabeth deliberately drives off the road, others shrug it off (Ch8)"
"character#004","C572","Elizabeth's line comparing Shade and Pathwell (Ch8)"
"character#009","C573","Pathwell backstory handed over as tidy exposition (Ch9)"
"target-1#057","C574","Elizabeth states the theme aloud (Ch10)"
"target-1#066","C575","Civil War brothers statues a wink too many (Ch11)"
"target-2#070","C576","return to jokes right after the broken shoulder (Ch11)"
"skimmer#101","C577","Narrator compares the wall to the unexplained Space Between (Ch11)"
"skimmer#102","C578","Narrator explains the homesickness fragments (Ch11)"
"hostile#055","C579","Museum lot banter right after a confession; cannon-in-gift-shop gag; pleased aphorisms (Ch11)"
"hostile#056","C580","'Elizabeth started crying and had no idea why' tells rather than shows (Ch11)"
"target-1#070","C581","Narrator tells us she is growing (Ch12)"
"character#024","C582","Narrator explaining Shade's withheld Pathwell knowledge (Ch12)"
"prose#012","C583","Narration explains what the scene already showed (Ch12,Ch15,Ch18)"
"prose#071","C584","Everyone is wise, dry and kind; no one is wrong at a cost (Ch12,Ch15,Ch18)"
"reluctant#071","C585","Overwrought climax prose (Ch14)"
"prose#046","C586","'blob' is a flat word for what kills Shade (Ch15)"
"prose#047","C587","Narrator glosses character in a sentence (Ch15)"
"hostile#083","C588","Narrator steps in to tell the reader how to feel (Ch15)"
"target-1#094","C589","Restitution tribunal with Mama Baga (Ch16)"
"target-1#095","C590","Mama Baga's 'Person' line after the ledger (Ch16)"
"target-1#096","C591","Narrator's moral gloss on the burn (Ch16)"
"target-1#098","C592","Elizabeth's second speech after that line (Ch16)"
"target-2#102","C593","Elizabeth's crying list (Ch16)"
"target-2#103","C594","closing line about Pathwell not deciding (Ch16)"
"target-1#105","C128","Ch17 closing recap restates losses the walk already showed"
"target-2#106","C128","Ch17 closing recap restates losses the walk already showed"
"target-2#107","C595","""She called it evidence"" line (Ch17)"
"skimmer#157","C596","Narrator explains adventure and the diner (Ch17)"
"hostile#092","C597","Aftermath as sitcom montage and greeting-card close; recap paragraph (Ch17)"
"target-1#113","C598","Section endings say what was just shown (Ch18)"
"skimmer#167","C599","Post-cookbook aside blunts the emotional beat (Ch18)"
"prose#024","C600","Shopkeeper sentence overloaded with a six-item list that depends on other chapters (Ch18)"
"prose#064","C601","Stock or quote-page lines (Ch18)"
"hostile#095","C602","Five-routes comedy and quips undercut the earned grief (Ch18)"
"target-1#034","C130","The wet thud beat repeats the same words (Ch1-6)"
"target-2#037","C603","""Pathwell went still"" repeated (Ch1,Ch4,Ch5,Ch6,Ch8,Ch11,Ch14)"
"skimmer#005","C604","Repeated reassurance tags in the exit dialogue (Ch1)"
"auditor#019","C129","Chapter 8 reuses the book's Ch1 opening line ""It was the crash that woke her"" (Ch1,Ch8)"
"prose#031","C605","'Good.' as a filler one-word reply (Ch1,Ch9,Ch12,Ch15,Ch18)"
"prose#038","C131","""Perfect."" button repeated across bookend chapters (Ch1,Ch18)"
"prose#073","C606","Man restates urgency and deflects the same way repeatedly (Ch1)"
"prose#077","C130","The wet thud beat repeats the same words (Ch1-6)"
"prose#078","C607","Participle-opener sentences four times (Ch1)"
"hostile#003","C131","""Perfect."" button repeated across bookend chapters (Ch1,Ch18)"
"hostile#005","C608","Tense slips and fragments used as stage directions (Ch1)"
"hostile#044","C129","Chapter 8 reuses the book's Ch1 opening line ""It was the crash that woke her"" (Ch1,Ch8)"
"skimmer#013","C609","""Three weeks"" repeated (Ch2)"
"skimmer#017","C610","Repeated beat: cheerful Pathwell, upset Elizabeth, mock-wise remark (Ch2)"
"hostile#008","C611","Pathwell refuses a last name; quip doing the work of character, echoed by Shade in Ch8 (Ch2,Ch8)"
"hostile#010","C612","Memory trigger repeats: a smell, voice or song brings a childhood memory in every quiet passage (Ch2,Ch9)"
"hostile#012","C613","Pathwell's dialogue is lines not a person; nothing costs him (Ch2)"
"target-1#022","C132","""That was the choice"" refrain repeated (Ch4,Ch15)"
"target-1#079","C133","Sock gag repeated across chapters (Ch4-15)"
"target-2#022","C132","""That was the choice"" refrain repeated (Ch4,Ch15)"
"rules#010","C614","copy-keeps-the-words-not-the-thing rule restated five times (Ch4,Ch10,Ch11,Ch17,Ch18)"
"prose#001","C134","Characters share one dry deadpan register so voices blur (Ch4-18)"
"prose#002","C615","Deadpan two-beat exchange used by every character, 30+ times (Ch4,Ch9,Ch12,Ch15,Ch18)"
"prose#003","C616","'looked at' as the reaction beat, about 112 uses (Ch4,Ch9,Ch12,Ch15,Ch18)"
"prose#004","C136","""[Name] waited."" repeated as a beat (Ch4-18)"
"prose#005","C133","Sock gag repeated across chapters (Ch4-15)"
"prose#006","C617","Mama Baga's mouth moved at one corner, identical both times (Ch4,Ch12)"
"prose#009","C132","""That was the choice"" refrain repeated (Ch4,Ch15)"
"prose#013","C137","""Not X. Y."" fragment pairs overused (Ch4-13)"
"prose#027","C618","'I know.' as a standalone reply, about 13 times (Ch4,Ch9,Ch12,Ch15)"
"prose#034","C619","'Of course' as a repeated aside (Ch4,Ch9,Ch12,Ch18)"
"prose#035","C620","'disappeared' used 11 times as a flat verb (Ch4,Ch12,Ch15)"
"prose#043","C621","'as if / as though' crowded in Ch4 (Ch4)"
"prose#066","C622","Boy delivers a line then disappears, repeated exit (Ch4,Ch12)"
"prose#067","C623","'nodded' 22 times, 11 in Ch4 (Ch4)"
"prose#068","C624","Near-miss constructions 'nearly / almost' (Ch4)"
"prose#069","C625","Bad drink that comforts joke used twice (Ch4,Ch9)"
"hostile#060","C133","Sock gag repeated across chapters (Ch4-15)"
"hostile#082","C132","""That was the choice"" refrain repeated (Ch4,Ch15)"
"target-1#029","C138","Stray second-person narrator aside in the Ch5 town paragraph"
"reluctant#032","C138","Stray second-person narrator aside in the Ch5 town paragraph"
"skimmer#052","C626","Characters answering ""I don't know"" again and again (Ch5,Ch9,Ch10)"
"hostile#028","C627","Sibling banter engine and running gags (noodle, fish, peas, mounted fish, sock-style buttons) (Ch5,Ch6,Ch8,Ch10,Ch11,Ch13,Ch18)"
"hostile#029","C138","Stray second-person narrator aside in the Ch5 town paragraph"
"hostile#040","C628","'Not here' / 'In the car' withholding reads as a device (Ch6,Ch7,Ch8,Ch10)"
"target-1#040","C137","""Not X. Y."" fragment pairs overused (Ch4-13)"
"target-1#114","C135","""Important distinction"" catchphrase shared and repeated (Ch7-18)"
"reluctant#044","C129","Chapter 8 reuses the book's Ch1 opening line ""It was the crash that woke her"" (Ch1,Ch8)"
"skimmer#083","C629","Shade's right hand mentioned five times (Ch9)"
"skimmer#084","C630","Pathwell comparisons made of Shade (Ch9)"
"skimmer#086","C139","""Fair."" / stock one-word replies as a tic (Ch9-18)"
"prose#029","C631","'Probably.' as a one-word answer or aside (Ch9,Ch12,Ch15)"
"prose#033","C139","""Fair."" / stock one-word replies as a tic (Ch9-18)"
"prose#040","C632","Shade's jaw tightened and 'Shade's [body part] stopped' tags (Ch9)"
"hostile#048","C633","Diner described as a catalogue of furniture; comparison does no work (Ch9)"
"hostile#049","C634","'Observation. Not memory.' used three times; recap paragraph checks reader is keeping up (Ch9)"
"hostile#051","C635","Running 'Lizzy' joke across chapters (Ch10)"
"target-1#065","C636","POV slip into Pathwell's side of the room (Ch11)"
"character#025","C134","Characters share one dry deadpan register so voices blur (Ch4-18)"
"character#026","C637","Shade's jokes drift into Camp register (Ch12,Ch13)"
"character#027","C638","Two wise child sees-through-everyone gags (turnip boy, Milo) (Ch12,Ch13)"
"prose#007","C135","""Important distinction"" catchphrase shared and repeated (Ch7-18)"
"target-1#078","C639","Space Between coffee joke reused (Ch13)"
"reluctant#066","C136","""[Name] waited."" repeated as a beat (Ch4-18)"
"skimmer#120","C640","Coffee paragraph ""He knew"" run (Ch13)"
"target-2#089","C641","Mama Baga's repeated ""Stop"" (Ch14)"
"character#034","C642","Shade's long explanation speech of the rejoining working (Ch14)"
"character#040","C643","Technical vocabulary makes Shade sound like Pathwell (Ch14)"
"prose#045","C644","Same 'emotional weather ... breaking loose' sentence twice (Ch15)"
"skimmer#148","C645","Tags ""Elizabeth looked at..."" between lines (Ch16)"
"hostile#086","C646","Camp's wise characters have a zinger for everything; epigram-machine (Ch16)"
"skimmer#153","C647","Pathwell proposes, archivist refuses, Pathwell complies (rack, cabinets, board, wagon) (Ch17)"
"prose#025","C648","Catalogue of absences told three times (Ch18)"
"prose#044","C649","Elizabeth smiles despite herself, four times in Ch18 (Ch18)"
