reader,run,model,chapters,subject,type,polarity,quote,severity,prompted,rank,source
"reluctant","1","haiku","Ch1","Opening scene is concrete and quick (her party, boxes, Nana, stranger)","strength","+","","mild","unprompted","","log.md Ch1"
"reluctant","1","haiku","Ch1","Who the intruder is and why he reads her diary","confusion","-","reading her diary like a magazine in a waiting room","quibble","unprompted","","log.md Ch1"
"reluctant","1","haiku","Ch1;Ch15","What the blob is and the low tide smell","confusion","-","Low tide, a long way from any sea.","snag","unprompted","","log.md Ch1"
"reluctant","1","haiku","Ch1","What 'marked' means and what happens if she stays","confusion","-","your house has now been marked, magically speaking.","snag","unprompted","","log.md Ch1"
"reluctant","1","haiku","Ch1;Ch2;Ch4","Why a recipe works as key and why Nana's voice is in the cookbook","confusion","-","Because it was hers","quibble","unprompted","","log.md Ch1"
"reluctant","1","haiku","Ch2","Pathwell's name and why he gives only one","confusion","-","Don't need one. Saves everybody time.","quibble","unprompted","","log.md Ch2"
"reluctant","1","haiku","Ch2","Why the shuttered laundromat and park appear","confusion","-","a park that shouldn't have been there","quibble","unprompted","","log.md Ch2"
"reluctant","1","haiku","Ch2","Tuesday/Thursday exchange: joke or shifted time","confusion","-","","quibble","unprompted","","log.md Ch2"
"reluctant","1","haiku","Ch2","Elizabeth's concrete grief and small real irritations (door, dry-cleaning ticket)","strength","+","staying felt worse than leaving, but leaving didn't feel like anything at all.","strong","unprompted","","log.md Ch2"
"reluctant","1","haiku","Ch3;Ch18","The Space Between never explained or made picturable","confusion","-","commonly referred to as the Space Between","snag","unprompted","","log.md Ch3"
"reluctant","1","haiku","Ch3","Boots the guardian cat and blood god","confusion","-","full-time guardian and part-time blood god","snag","unprompted","3","log.md Ch3"
"reluctant","1","haiku","Ch3","Camp Cunnan named without saying who or what it is","confusion","-","Did Camp Cunnan ask you for all of this?","quibble","unprompted","","log.md Ch3"
"reluctant","1","haiku","Ch3","Rai Stones and Lydian coins currency (where reader would have quit)","confusion","-","We could settle today, past bills and all, for… a Rai Stone.","stopper","unprompted","1","lens_output.md (b)"
"reluctant","1","haiku","Ch3","Untranslated Latin in binding ritual","confusion","-","Perdat quod esse poterat.","quibble","unprompted","3","log.md Ch3"
"reluctant","1","haiku","Ch3","Cost of the binding ritual never named","confusion","-","are you sure this is worth what it will cost?","snag","unprompted","","log.md Ch3"
"reluctant","1","haiku","Ch3","The sacrifice scene is the strongest writing so far","strength","+","","mild","unprompted","","log.md Ch3"
"reluctant","1","haiku","Ch1-3","First three chapters are lore and capitalised nouns before human stakes appear in Ch4","structure","-","","snag","unprompted","","lens_output.md (c) Summary"
"reluctant","1","haiku","Ch4","List of Camp's occupants reads as a glossary","confusion","-","Abode of the spaewives and the gwyllion... Haven to the mambos. Did I say runemasters?","snag","unprompted","4","log.md Ch4"
"reluctant","1","haiku","Ch4;Ch5;Ch10;Ch11","'The working' and 'fresh waste' used as if known, never defined","confusion","-","It changed targets. Fresh waste.","snag","unprompted","","log.md Ch4"
"reluctant","1","haiku","Ch4","What the Archive is for","confusion","-","That is generally the opposite of an archive.","quibble","unprompted","","log.md Ch4"
"reluctant","1","haiku","Ch4;Ch17","Olan and Hess named with no context","confusion","-","Hess has been dead twenty-two years.","quibble","unprompted","","log.md Ch4"
"reluctant","1","haiku","Ch4","Cookbook page rule (spent not burned) shown but not stated","rule","-","Not burned. Spent.","quibble","unprompted","","log.md Ch4"
"reluctant","1","haiku","Ch4","Elizabeth gives the whole cookbook, first costly choice (best moment)","strength","+","That was the choice. Everything afterward was consequence.","strong","unprompted","","core.md Q2"
"reluctant","1","haiku","Ch4","Healer, Mama Baga and archivist are people the reader can stand near","strength","+","Specificity is expensive.","mild","unprompted","","log.md Ch4"
"reluctant","1","haiku","Ch1-18","No plain account of the magic's rules to judge the characters' choices","rule","-","","snag","unprompted","","core.md Q5"
"reluctant","1","haiku","Ch1-14","Reader stopped believing the magic was a system, saw it as excuses for choices","logic","-","","snag","unprompted","","core.md Q4"
"reluctant","1","haiku","Ch5","Portal 'to where' answered 'Here' and not followed up","confusion","-","That was a portal.","quibble","unprompted","","log.md Ch5"
"reluctant","1","haiku","Ch5-10","'Pruned' / pruning unexplained until Ch10","confusion","-","You pruned.","snag","unprompted","","log.md Ch5"
"reluctant","1","haiku","Ch5","Bakhtak mentioned and never defined","confusion","-","a particularly annoying Bakhtak—","quibble","unprompted","","log.md Ch5"
"reluctant","1","haiku","Ch5","'Noodle' used as slang with unclear meaning","confusion","-","put your noodle away","quibble","unprompted","","log.md Ch5"
"reluctant","1","haiku","Ch5","Stansbury gives first real definition of waste and failed workings","strength","+","Failed workings. Unsettled messes.","mild","unprompted","","log.md Ch5"
"reluctant","1","haiku","Ch5","Sudden second-person narrator voice in town paragraph","voice/repetition","-","You would be forgiven for not stopping in the town as you drove through","quibble","unprompted","5","log.md Ch5"
"reluctant","1","haiku","Ch5","School scene, 'Mrs. Pathwell' comedy","strength","+","","strong","unprompted","","log.md Ch5"
"reluctant","1","haiku","Ch5","Stansbury's moral argument about children's work going to the attic","strength","+","I harness the latent magic energy created by the children's work and redirect it into items.","strong","unprompted","","log.md Ch5"
"reluctant","1","haiku","Ch6","Brothers' bar scene and first interior passage on Pathwell; 'Mine.' lands","strength","+","Something points in an unpleasant direction.","strong","unprompted","","log.md Ch6"
"reluctant","1","haiku","Ch6-15","The pull / draw / mirror tension never defined","confusion","-","The tension had direction if I tested it. Barely.","snag","unprompted","","log.md Ch6"
"reluctant","1","haiku","Ch7","Unclear 'machine' line","confusion","-","She had become very aware of how much machine she was responsible for.","quibble","unprompted","","log.md Ch7"
"reluctant","1","haiku","Ch7-10","'Which prune?' asked and answer withheld until Ch10","promise","-","Which prune?","snag","unprompted","6","log.md Ch7"
"reluctant","1","haiku","Ch7","Elizabeth names the reader's complaint about withheld explanation","strength","+","somehow every time we get to the part where somebody explains what the hell is happening, I become the driver.","strong","unprompted","","log.md Ch7"
"reluctant","1","haiku","Ch7","Elizabeth makes her first choice against the brothers","strength","+","For the first time since the apartment, nobody was telling Elizabeth where to go.","strong","unprompted","","log.md Ch7"
"reluctant","1","haiku","Ch8","Elizabeth deliberately crashes the car, a protagonist who acts","strength","+","Now we're stopped.","strong","unprompted","","log.md Ch8"
"reluctant","1","haiku","Ch8","Shade as inherited-memory idea","strength","+","Same ingredients. Different recipe.","strong","unprompted","","log.md Ch8"
"reluctant","1","haiku","Ch8;Ch16","What Shade is is never stated","confusion","-","Existing. Pick a word.","snag","unprompted","7","log.md Ch8"
"reluctant","1","haiku","Ch8","Ch8 opens with Ch1's first line, unclear if echo or slip","voice/repetition","-","It was the crash that woke her.","quibble","unprompted","8","log.md Ch8"
"reluctant","1","haiku","Ch9","Elizabeth asks the questions herself in the diner","strength","+","You don't get to know that yet.","strong","unprompted","","log.md Ch9"
"reluctant","1","haiku","Ch9","Shade on certainty, the book's first moral idea about Pathwell's wrong","strength","+","That he had reached the point where being uncertain no longer mattered to him.","strong","unprompted","","log.md Ch9"
"reluctant","1","haiku","Ch9;Ch14","Prague and Celia memories not tied to anything","confusion","-","A room in Prague I have never entered. A woman named Celia who hated pears.","quibble","unprompted","","log.md Ch9"
"reluctant","1","haiku","Ch10","Pathwell's confession that he paid with his own future","strength","+","My choice produced the failure he came from... That much is mine.","strong","unprompted","","log.md Ch10"
"reluctant","1","haiku","Ch10","Elizabeth refuses to be the excuse","strength","+","You don't get to make me the part of this you explain around.","strong","unprompted","","log.md Ch10"
"reluctant","1","haiku","Ch10","Who asked Pathwell for help is never named","promise","-","Someone asked me for help.","quibble","unprompted","","log.md Ch10"
"reluctant","1","haiku","Ch10;Ch15","'Malformed pruning', 'unclaimed possibility', 'unclaimed waste' named not defined","confusion","-","I know what malformed pruning looks like.","quibble","unprompted","","log.md Ch10"
"reluctant","1","haiku","Ch10","How a wall anchors the door ('history') not defined","confusion","-","If it's still carrying enough history, it can anchor the door.","quibble","unprompted","","log.md Ch10"
"reluctant","1","haiku","Ch10","Stansbury suddenly called Leo with no explanation","confusion","-","She's our responsibility, Leo.","quibble","unprompted","","lens_output.md (a)36"
"reluctant","1","haiku","Ch11","Daniel Vale letters and household ledger show what magic breaks","strength","+","SAM HOME TODAY. THIN AS A FENCE RAIL. ATE THREE EGGS.","strong","unprompted","","log.md Ch11"
"reluctant","1","haiku","Ch11","Parking-lot and breakfast banter too long before set piece","pacing","-","I support the arts","quibble","unprompted","10","log.md Ch11"
"reluctant","1","haiku","Ch11","Transparent plane containment spell described not explained","confusion","-","The working tried to make distance physical.","quibble","unprompted","","lens_output.md (a)38"
"reluctant","1","haiku","Ch11","Elizabeth at the threshold chooses Camp","strength","+","I chose Camp... I'm still choosing it.","mild","unprompted","","log.md Ch11"
"reluctant","1","haiku","Ch12","Thumper dropped in as if already introduced","confusion","-","Thumper was in there too: his six-toed paw print pressed into the center of a page.","snag","unprompted","","log.md Ch12"
"reluctant","1","haiku","Ch1-3;Ch12","Nana's death only a passing mention in the diary list, no scene","structure","-","Nana's funeral.","snag","unprompted","2","log.md Ch12"
"reluctant","1","haiku","Ch12","Fate of the young woman from the wagon accident not confirmed","promise","-","","quibble","unprompted","","log.md Ch12"
"reluctant","1","haiku","Ch12;Ch14;Ch16","'Charged' never defined","confusion","-","whether it was charged","quibble","unprompted","","log.md Ch12"
"reluctant","1","haiku","Ch12","Elizabeth gives up the diary with one condition; diary to-do list","strength","+","CALL ELECTRIC / BUY BOXES / CHANGE ADDRESS / FIND NANA'S SPOON","strong","unprompted","","log.md Ch12"
"reluctant","1","haiku","Ch12","Healer's fingers-and-numbness exchange runs long","pacing","-","","quibble","unprompted","","log.md Ch12"
"reluctant","1","haiku","Ch13","Hearts game, Shade playing the people at the table","strength","+","I don't know what I am here.","strong","unprompted","","log.md Ch13"
"reluctant","1","haiku","Ch13","Round-by-round Hearts account runs long and repeats the reveal","pacing","-","","quibble","unprompted","10","lens_output.md (c)"
"reluctant","1","haiku","Ch13;Ch15","'Waited' and 'Shade waited / Pathwell tried again' used as repeated beats","voice/repetition","-","Waited.","quibble","unprompted","","log.md Ch13"
"reluctant","1","haiku","Ch13","Queen of spades as evidence of corruption, meaning unclear","confusion","-","Corruption.","quibble","unprompted","","log.md Ch13"
"reluctant","1","haiku","Ch13","Names given to some characters (Milo) and not others (archivist, older woman)","confusion","-","","quibble","unprompted","","log.md Ch13"
"reluctant","1","haiku","Ch13","Chapter ends on threshold opening the reader wants resolved","promise","+","the distant scrape of a shoe on museum wood","mild","unprompted","","log.md Ch13"
"reluctant","1","haiku","Ch14","Climax jargon stacks up and physical action becomes hard to see","confusion","-","Fresh spillage.","snag","unprompted","9","core.md Q4"
"reluctant","1","haiku","Ch14","Overwrought climax prose","tone","-","Neither was language, and Elizabeth understood them anyway","quibble","unprompted","","log.md Ch14"
"reluctant","1","haiku","Ch14","Rejoining frame: why brass pins and waxed cord would work","logic","-","make the working decide that we're one settled structure instead of two.","quibble","unprompted","","log.md Ch14"
"reluctant","1","haiku","Ch14","Payment mechanism described a third time, told not shown","confusion","-","It accepts my pruning directly.","quibble","unprompted","","log.md Ch14"
"reluctant","1","haiku","Ch14","'Practitioner' appears as Pathwell's title without introduction","confusion","-","the practitioner who had supplied the contradiction and the payment","quibble","unprompted","","lens_output.md (a)50"
"reluctant","1","haiku","Ch14","Stakes finally visible: child trapped, archive burning, diary and cookbook in smoke","strength","+","The archive was burning.","mild","unprompted","","log.md Ch14"
"reluctant","1","haiku","Ch14","Shade's argument against judging the choice by the result","strength","+","You still think the result gets to decide whether the choice was acceptable.","strong","unprompted","","log.md Ch14"
"reluctant","1","haiku","Ch15","Shade walks into the blob; Milo and Shade's last exchange","strength","+","You still owe me a hand.","strong","unprompted","","log.md Ch15"
"reluctant","1","haiku","Ch15","Cookbook burns and the book refuses a magical payoff","strength","+","No spell. No sacrifice. No last message. Just fire.","strong","unprompted","","log.md Ch15"
"reluctant","1","haiku","Ch15","Elizabeth's order and moral center of the loss","strength","+","She didn't regret the order.","strong","unprompted","","log.md Ch15"
"reluctant","1","haiku","Ch16","Pruning shock used as diagnosis without description","confusion","-","Pruning shock.","quibble","unprompted","","log.md Ch16"
"reluctant","1","haiku","Ch16","Mama Baga's restitution scene is the thesis of the book","strength","+","Stop naming impossible payment as if saying a large enough number is accountability.","strong","unprompted","","log.md Ch16"
"reluctant","1","haiku","Ch16","Mama Baga's definition of Shade as a person","strength","+","Person is the word I have for that.","strong","unprompted","","log.md Ch16"
"reluctant","1","haiku","Ch16","Elizabeth's crying list one item too long","pacing","-","For Nana. For the cookbook...","quibble","unprompted","","log.md Ch16"
"reluctant","1","haiku","Ch17","Aftermath montage slower; first-week rack and cabinet comedy and Hearts epilogue repeat Ch13 joke","pacing","-","","quibble","unprompted","10","log.md Ch17"
"reluctant","1","haiku","Ch17","Pathwell offers Henry Vale's letters, retracts; restitution that fixes nothing","strength","+","They are not Daniel's.","strong","unprompted","","log.md Ch17"
"reluctant","1","haiku","Ch17","Elizabeth's written statement","strength","+","She wrote that she told him not to use the letter. She wrote that he used it anyway.","strong","unprompted","","log.md Ch17"
"reluctant","1","haiku","Ch18","Ending: Elizabeth asks Pathwell 'Do you want to come?' and bookends Ch1","strength","+","Do you want to come?","strong","unprompted","","lens_output.md (c)"
"reluctant","1","haiku","Ch18","Merritt cookbook shows records kept by people who disagree","strength","+","RUTH LIED ABOUT THE LARD.","mild","unprompted","","log.md Ch18"
"reluctant","1","haiku","Ch18","Five-routes exchange and goose joke run long","pacing","-","The fifth is seasonal.","quibble","unprompted","","log.md Ch18"
"reluctant","1","haiku","Ch18","Geese 'remember me' unexplained","confusion","-","They remember me.","quibble","unprompted","","log.md Ch18"
